0,0,0,0,0,0,0,0,0,0,0,0,0,0,0,0,0,0,0,0,0,0,0,0,0,0,0,0,0,0,0,0,0,0,0,0,0,0,0,0,0,0,0,0,0,0,0,0,0,0,0,0,0,0,0,0,0,0,0,0,0,0,0,0.6424121260643005,1.0163521766662598,3.6784732060368697e-07,0.5966200232505798,1.005497932434082,-0.01904640905559063,0.5542911887168884,0.9830338954925537,-0.0386178120970726,0.5277368426322937,0.9617836475372314,-0.05736784264445305,0.5279099345207214,0.9414675235748291,-0.0775776356458664,0.5628880858421326,0.8837202191352844,-0.03901805356144905,0.5418785214424133,0.8094366192817688,-0.06437605619430542,0.5280019044876099,0.7639869451522827,-0.08270138502120972,0.5166905522346497,0.7244769334793091,-0.09591679275035858,0.5939705967903137,0.8762896656990051,-0.046701546758413315,0.5721490383148193,0.7980487942695618,-0.07029961049556732,0.5568683743476868,0.7468804717063904,-0.08775178343057632,0.5442757606506348,0.7005142569541931,-0.10001043975353241,0.6281206011772156,0.8852769136428833,-0.05576701834797859,0.6099012494087219,0.8094063997268677,-0.07792586833238602,0.5981994867324829,0.7618298530578613,-0.09175705909729004,0.5866488814353943,0.7188054919242859,-0.10095158964395523,0.6645475625991821,0.9058122634887695,-0.06586477905511856,0.6593263149261475,0.8505652546882629,-0.08664897084236145,0.6524221301078796,0.8141828775405884,-0.09516887366771698,0.6439438462257385,0.7796836495399475,-0.09990006685256958,HELLO
0,0,0,0,0,0,0,0,0,0,0,0,0,0,0,0,0,0,0,0,0,0,0,0,0,0,0,0,0,0,0,0,0,0,0,0,0,0,0,0,0,0,0,0,0,0,0,0,0,0,0,0,0,0,0,0,0,0,0,0,0,0,0,0.595338761806488,1.0215569734573364,4.811626581613382e-07,0.5488021373748779,0.9962472915649414,-0.01427155826240778,0.5137233734130859,0.9423806071281433,-0.026031410321593285,0.5144839286804199,0.8957504630088806,-0.03765733167529106,0.5440811514854431,0.8768355846405029,-0.05070190504193306,0.5456182956695557,0.8424457311630249,-0.022181715816259384,0.5280643701553345,0.7687068581581116,-0.03970106691122055,0.5154157280921936,0.7218033075332642,-0.05481857433915138,0.5042838454246521,0.6825562715530396,-0.06643496453762054,0.5786616802215576,0.8342034220695496,-0.03001304715871811,0.5609825253486633,0.7525123357772827,-0.0467255637049675,0.5439723134040833,0.6972503662109375,-0.061973635107278824,0.5276134014129639,0.6518213748931885,-0.0721936747431755,0.6133624911308289,0.8426740765571594,-0.03917234018445015,0.5981339812278748,0.7608994841575623,-0.056072697043418884,0.5837045311927795,0.7072387933731079,-0.06910781562328339,0.5684949159622192,0.6634376645088196,-0.07727693021297455,0.6502797603607178,0.8650571703910828,-0.049272239208221436,0.6477728486061096,0.8013213276863098,-0.06543424725532532,0.637621283531189,0.7593927979469299,-0.07202479243278503,0.6240944266319275,0.723524808883667,-0.07533697038888931,HELLO
0,0,0,0,0,0,0,0,0,0,0,0,0,0,0,0,0,0,0,0,0,0,0,0,0,0,0,0,0,0,0,0,0,0,0,0,0,0,0,0,0,0,0,0,0,0,0,0,0,0,0,0,0,0,0,0,0,0,0,0,0,0,0,0.5927360653877258,1.0047154426574707,2.0342088191682706e-07,0.5394992232322693,0.976287305355072,-0.011723621748387814,0.5062140822410583,0.9112173914909363,-0.019018610939383507,0.504973292350769,0.8515584468841553,-0.027447661384940147,0.5309343934059143,0.8307129740715027,-0.035841379314661026,0.5333629846572876,0.8163824081420898,-0.005129611119627953,0.5160806179046631,0.7391881942749023,-0.019165465608239174,0.5022349953651428,0.6912628412246704,-0.03189069777727127,0.49089425802230835,0.6524821519851685,-0.041961491107940674,0.5649523138999939,0.8070111274719238,-0.01215037889778614,0.5467308759689331,0.7216686010360718,-0.02583448402583599,0.531232476234436,0.6670480966567993,-0.038001999258995056,0.5166183710098267,0.6230641007423401,-0.04587416350841522,0.5990152955055237,0.813220739364624,-0.021731650456786156,0.5845611691474915,0.7282553911209106,-0.03562349081039429,0.5723658204078674,0.6751074194908142,-0.04551749676465988,0.5598772764205933,0.6316695213317871,-0.05167100951075554,0.6359336972236633,0.8323109149932861,-0.032776497304439545,0.63340163230896,0.7664961814880371,-0.04520406946539879,0.6240095496177673,0.7232706546783447,-0.050376664847135544,0.6119771599769592,0.6856854557991028,-0.053087979555130005,HELLO
0,0,0,0,0,0,0,0,0,0,0,0,0,0,0,0,0,0,0,0,0,0,0,0,0,0,0,0,0,0,0,0,0,0,0,0,0,0,0,0,0,0,0,0,0,0,0,0,0,0,0,0,0,0,0,0,0,0,0,0,0,0,0,0.5902115702629089,1.012505292892456,1.5836990030493325e-07,0.5384331345558167,0.9787994623184204,-0.01070111058652401,0.5069835782051086,0.9138369560241699,-0.017673103138804436,0.5060025453567505,0.8531867861747742,-0.026272166520357132,0.5318770408630371,0.8272606730461121,-0.03489221632480621,0.5346881747245789,0.8168020248413086,-0.0034738911781460047,0.5180764198303223,0.7386627197265625,-0.01830032840371132,0.5042431354522705,0.6912842988967896,-0.031932830810546875,0.49227267503738403,0.6508854627609253,-0.04301115497946739,0.5648341774940491,0.8083274960517883,-0.011931991204619408,0.5465274453163147,0.7213417887687683,-0.026047788560390472,0.5316745042800903,0.6674787998199463,-0.0392858162522316,0.5180193781852722,0.6218185424804688,-0.04861664026975632,0.5977961421012878,0.8145112991333008,-0.023012200370430946,0.5827444195747375,0.727935791015625,-0.03756173327565193,0.5710960626602173,0.6744260787963867,-0.04777976870536804,0.5581421256065369,0.6290813088417053,-0.0546342208981514,0.6347219347953796,0.8336439728736877,-0.03568039834499359,0.631775438785553,0.7667157053947449,-0.04840131476521492,0.6229504346847534,0.7225669026374817,-0.053851351141929626,0.6111114621162415,0.6841009855270386,-0.05733940005302429,HELLO
0,0,0,0,0,0,0,0,0,0,0,0,0,0,0,0,0,0,0,0,0,0,0,0,0,0,0,0,0,0,0,0,0,0,0,0,0,0,0,0,0,0,0,0,0,0,0,0,0,0,0,0,0,0,0,0,0,0,0,0,0,0,0,0.5935197472572327,0.9960693120956421,1.9427405106853257e-07,0.5361567735671997,0.9645353555679321,-0.011569332331418991,0.503162682056427,0.8957557678222656,-0.01681944727897644,0.4991765320301056,0.8291864991188049,-0.023871874436736107,0.5216120481491089,0.8002327084541321,-0.030446382239460945,0.5278490781784058,0.7974765300750732,0.005446525756269693,0.5095973014831543,0.7200251221656799,-0.005684362258762121,0.4953613877296448,0.6735270023345947,-0.017943449318408966,0.48365744948387146,0.6339457631111145,-0.028410693630576134,0.5584057569503784,0.7862861752510071,-0.0017989971674978733,0.5387355089187622,0.6989531517028809,-0.013233702629804611,0.5215720534324646,0.6444811820983887,-0.026192044839262962,0.5051794052124023,0.5986685752868652,-0.035295091569423676,0.5910149812698364,0.7907156944274902,-0.012362233363091946,0.575252890586853,0.7041411399841309,-0.02514423429965973,0.5620546340942383,0.6510012149810791,-0.03560299798846245,0.5485956072807312,0.6055268049240112,-0.04275593161582947,0.627278208732605,0.8072236776351929,-0.024754248559474945,0.6235610246658325,0.7405418753623962,-0.03615543618798256,0.6141899228096008,0.6970461010932922,-0.04145621135830879,0.602286696434021,0.6576790809631348,-0.04492220655083656,HELLO
0,0,0,0,0,0,0,0,0,0,0,0,0,0,0,0,0,0,0,0,0,0,0,0,0,0,0,0,0,0,0,0,0,0,0,0,0,0,0,0,0,0,0,0,0,0,0,0,0,0,0,0,0,0,0,0,0,0,0,0,0,0,0,0.5940872430801392,0.9990530014038086,1.4609859988468088e-07,0.5374647378921509,0.9647746682167053,-0.010450124740600586,0.5026050209999084,0.8930514454841614,-0.014605561271309853,0.49821585416793823,0.823743999004364,-0.020663224160671234,0.5238083600997925,0.8048266172409058,-0.026778774335980415,0.5295432209968567,0.7968109250068665,0.005744763650000095,0.5114586353302002,0.7201671004295349,-0.005353750195354223,0.49592214822769165,0.6742804646492004,-0.018085986375808716,0.4824533760547638,0.6337485313415527,-0.029514996334910393,0.5598697662353516,0.7847757339477539,-0.0021848513279110193,0.5400521755218506,0.6993546485900879,-0.013256917707622051,0.5242929458618164,0.6461182236671448,-0.026213135570287704,0.5095639228820801,0.5995965003967285,-0.03597813844680786,0.5924031734466553,0.7887265682220459,-0.013291253708302975,0.5758123397827148,0.7049001455307007,-0.025591449812054634,0.5634573101997375,0.6523680686950684,-0.036106858402490616,0.5499786138534546,0.6071974039077759,-0.04384145885705948,0.6292769908905029,0.805407702922821,-0.026298578828573227,0.6233248114585876,0.739249587059021,-0.03689129650592804,0.6137036681175232,0.6956870555877686,-0.04224859178066254,0.6016190052032471,0.6572055220603943,-0.04649105668067932,HELLO
0,0,0,0,0,0,0,0,0,0,0,0,0,0,0,0,0,0,0,0,0,0,0,0,0,0,0,0,0,0,0,0,0,0,0,0,0,0,0,0,0,0,0,0,0,0,0,0,0,0,0,0,0,0,0,0,0,0,0,0,0,0,0,0.5966789126396179,0.9773280024528503,1.9386503424811963e-07,0.5371246337890625,0.9473344683647156,-0.011012645438313484,0.4983176589012146,0.8666807413101196,-0.012123662047088146,0.4918292164802551,0.7868083119392395,-0.015293512493371964,0.5197393298149109,0.7691090703010559,-0.017672652378678322,0.5241007208824158,0.7719326615333557,0.014490567147731781,0.5038951635360718,0.696918249130249,0.008461106568574905,0.4881381392478943,0.6511155962944031,-0.0016271607019007206,0.47519123554229736,0.6098376512527466,-0.012194176204502583,0.5536300539970398,0.7561874389648438,0.00795023050159216,0.5319226384162903,0.672606348991394,0.0012762702535837889,0.5144596099853516,0.6188832521438599,-0.0097620515152812,0.4971088171005249,0.5725922584533691,-0.018607573583722115,0.5851046442985535,0.7579338550567627,-0.002348670968785882,0.5666035413742065,0.676709771156311,-0.011049550026655197,0.5513597726821899,0.623913049697876,-0.02033117599785328,0.5355918407440186,0.5790573954582214,-0.02779451571404934,0.6210411787033081,0.7707398533821106,-0.015024122782051563,0.6139767169952393,0.7071219086647034,-0.023122569546103477,0.604049801826477,0.6626138687133789,-0.02825815975666046,0.5918970704078674,0.6225733757019043,-0.032768379896879196,HELLO
0,0,0,0,0,0,0,0,0,0,0,0,0,0,0,0,0,0,0,0,0,0,0,0,0,0,0,0,0,0,0,0,0,0,0,0,0,0,0,0,0,0,0,0,0,0,0,0,0,0,0,0,0,0,0,0,0,0,0,0,0,0,0,0.5994491577148438,0.9760429859161377,1.8641215149273194e-07,0.5382484197616577,0.9457717537879944,-0.013154575601220131,0.49862733483314514,0.8657765984535217,-0.015032174997031689,0.4915183186531067,0.7826893329620361,-0.01833009533584118,0.5225340127944946,0.7689821124076843,-0.020556511357426643,0.5192322134971619,0.7654784917831421,0.016105664893984795,0.5015777349472046,0.6898694634437561,0.011403312906622887,0.48755747079849243,0.6462554931640625,0.0012359123211354017,0.4749220609664917,0.6063427925109863,-0.009825577028095722,0.5506880283355713,0.7494102120399475,0.010912827216088772,0.5299931168556213,0.6676873564720154,0.00633307034149766,0.5148414969444275,0.6172099113464355,-0.004594920203089714,0.4988020956516266,0.5723934173583984,-0.014081945642828941,0.5834574699401855,0.7514113187789917,0.0016358783468604088,0.5650596618652344,0.6717205047607422,-0.005176609847694635,0.5521304607391357,0.6213117241859436,-0.014815235510468483,0.5378713011741638,0.5782498121261597,-0.023207787424325943,0.6212881803512573,0.7652063965797424,-0.010294383391737938,0.6124886870384216,0.7036998867988586,-0.01662314496934414,0.6031216382980347,0.661108136177063,-0.021619701758027077,0.5917852520942688,0.623037576675415,-0.02667067013680935,HELLO
0,0,0,0,0,0,0,0,0,0,0,0,0,0,0,0,0,0,0,0,0,0,0,0,0,0,0,0,0,0,0,0,0,0,0,0,0,0,0,0,0,0,0,0,0,0,0,0,0,0,0,0,0,0,0,0,0,0,0,0,0,0,0,0.6002985239028931,0.9779876470565796,1.742113795444311e-07,0.5394968390464783,0.9490495920181274,-0.013367735780775547,0.4985785484313965,0.8665615916252136,-0.015462866984307766,0.49041831493377686,0.7819305062294006,-0.019027438014745712,0.5226172208786011,0.7688561677932739,-0.021602382883429527,0.5186501145362854,0.763046383857727,0.015360122546553612,0.5009812116622925,0.6874145269393921,0.010210641659796238,0.486762136220932,0.6442753076553345,-0.00036297610495239496,0.47363409399986267,0.6043785810470581,-0.01203262247145176,0.5498783588409424,0.7476889491081238,0.009852760471403599,0.5294235944747925,0.6668965816497803,0.004556011408567429,0.5145912170410156,0.6172081232070923,-0.0068972231820225716,0.4987119138240814,0.5725797414779663,-0.016980381682515144,0.5827136039733887,0.7504279613494873,0.0001947414129972458,0.5650571584701538,0.6721932291984558,-0.007004536688327789,0.5521529912948608,0.6220625638961792,-0.016763756051659584,0.5372507572174072,0.5778291821479797,-0.025487318634986877,0.6207327842712402,0.7646303772926331,-0.012208371423184872,0.611696720123291,0.7030336856842041,-0.018992634490132332,0.6019404530525208,0.6606366634368896,-0.024524861946702003,0.5895626544952393,0.6222007274627686,-0.030220119282603264,HELLO
0,0,0,0,0,0,0,0,0,0,0,0,0,0,0,0,0,0,0,0,0,0,0,0,0,0,0,0,0,0,0,0,0,0,0,0,0,0,0,0,0,0,0,0,0,0,0,0,0,0,0,0,0,0,0,0,0,0,0,0,0,0,0,0.6003135442733765,0.9779874682426453,1.7191459278365073e-07,0.5396664142608643,0.9487197399139404,-0.013380356132984161,0.49893903732299805,0.8660052418708801,-0.015265599824488163,0.49089503288269043,0.7821593284606934,-0.018667306751012802,0.5239048004150391,0.7677669525146484,-0.021177835762500763,0.5193091630935669,0.7630464434623718,0.015606208704411983,0.5017135739326477,0.6881394386291504,0.010358680039644241,0.487820029258728,0.6443731188774109,-0.00042537631816230714,0.4752180874347687,0.6038054823875427,-0.012296394445002079,0.5502018928527832,0.7475711107254028,0.00999483373016119,0.5299410820007324,0.6664813160896301,0.0047260066494345665,0.5152674317359924,0.6163278818130493,-0.00684751383960247,0.49944818019866943,0.5705504417419434,-0.01714795082807541,0.5828874111175537,0.7504243850708008,0.0001943591341841966,0.5649702548980713,0.6720919013023376,-0.007208837661892176,0.5517130494117737,0.6219973564147949,-0.016982553526759148,0.536414384841919,0.5773767232894897,-0.025759216398000717,0.6207387447357178,0.7651223540306091,-0.012369949370622635,0.6113727688789368,0.7029927968978882,-0.019350143149495125,0.6018308401107788,0.6603158116340637,-0.024858077988028526,0.5896281599998474,0.6212310791015625,-0.030601324513554573,HELLO
0,0,0,0,0,0,0,0,0,0,0,0,0,0,0,0,0,0,0,0,0,0,0,0,0,0,0,0,0,0,0,0,0,0,0,0,0,0,0,0,0,0,0,0,0,0,0,0,0,0,0,0,0,0,0,0,0,0,0,0,0,0,0,0.5981970429420471,0.9787936210632324,1.697394651500872e-07,0.5375834107398987,0.9472039937973022,-0.013192891143262386,0.49781104922294617,0.8687679767608643,-0.016049088910222054,0.49099892377853394,0.7890438437461853,-0.020400578156113625,0.523845911026001,0.7653170228004456,-0.023870646953582764,0.5177817344665527,0.7654631733894348,0.013588950037956238,0.49884843826293945,0.6904881000518799,0.006375135853886604,0.48484039306640625,0.6461837291717529,-0.005571884103119373,0.4729022979736328,0.6048626899719238,-0.01760413683950901,0.5484218597412109,0.7497876286506653,0.00795974675565958,0.5277150869369507,0.667635440826416,0.001795068266801536,0.5136236548423767,0.6174921989440918,-0.010060163214802742,0.4985547661781311,0.5711237192153931,-0.020391888916492462,0.5812672972679138,0.7514414191246033,-0.0017796733882278204,0.5631497502326965,0.6740797758102417,-0.009891113266348839,0.5501083135604858,0.6231628060340881,-0.020263129845261574,0.5351133942604065,0.5787944197654724,-0.02933170646429062,0.6192925572395325,0.7654052972793579,-0.014163685962557793,0.61103755235672,0.7037433981895447,-0.021522942930459976,0.6013612747192383,0.6613209247589111,-0.027168646454811096,0.588974118232727,0.6231256723403931,-0.03283269330859184,HELLO
0,0,0,0,0,0,0,0,0,0,0,0,0,0,0,0,0,0,0,0,0,0,0,0,0,0,0,0,0,0,0,0,0,0,0,0,0,0,0,0,0,0,0,0,0,0,0,0,0,0,0,0,0,0,0,0,0,0,0,0,0,0,0,0.5993943810462952,0.9802718162536621,1.6072887376594736e-07,0.538200855255127,0.948192834854126,-0.012680626474320889,0.49862733483314514,0.8695234656333923,-0.015147966332733631,0.49052563309669495,0.7891777157783508,-0.019265152513980865,0.5223649144172668,0.7667905688285828,-0.02255539782345295,0.518754243850708,0.7664155960083008,0.015590377151966095,0.5004041790962219,0.6910616159439087,0.009213201701641083,0.4862681031227112,0.6474188566207886,-0.0024707012344151735,0.4739091396331787,0.6062371730804443,-0.014530990272760391,0.5492467880249023,0.7508475184440613,0.009700666181743145,0.5287301540374756,0.6687794923782349,0.0041320426389575005,0.5145121812820435,0.6190803647041321,-0.007840145379304886,0.4990784823894501,0.57248854637146,-0.018334314227104187,0.5819644927978516,0.7530252933502197,-0.00031805955222807825,0.5638306736946106,0.675438404083252,-0.008074047975242138,0.5505915284156799,0.6246097683906555,-0.018578117713332176,0.5355893969535828,0.5795519351959229,-0.02782892808318138,0.620168149471283,0.7677927017211914,-0.012911503203213215,0.6111032366752625,0.7055333256721497,-0.019996333867311478,0.6014169454574585,0.6626447439193726,-0.025494100525975227,0.5893742442131042,0.6232819557189941,-0.031116602942347527,HELLO
0,0,0,0,0,0,0,0,0,0,0,0,0,0,0,0,0,0,0,0,0,0,0,0,0,0,0,0,0,0,0,0,0,0,0,0,0,0,0,0,0,0,0,0,0,0,0,0,0,0,0,0,0,0,0,0,0,0,0,0,0,0,0,0.5998717546463013,0.9798904657363892,1.562492570883478e-07,0.5388815402984619,0.9485285878181458,-0.012672359123826027,0.5003364086151123,0.8695138692855835,-0.014848042279481888,0.4920935034751892,0.789396345615387,-0.018763354048132896,0.5229222178459167,0.7671030759811401,-0.021949402987957,0.5209630131721497,0.7673147916793823,0.015821188688278198,0.5025967955589294,0.6920038461685181,0.009209505282342434,0.4881802797317505,0.6479517221450806,-0.0026541813276708126,0.47561684250831604,0.606707751750946,-0.014751109294593334,0.5516820549964905,0.751706600189209,0.009928110055625439,0.5309448838233948,0.6694061756134033,0.004106024745851755,0.5159018039703369,0.6189724206924438,-0.008170283399522305,0.49990734457969666,0.5723286867141724,-0.018872573971748352,0.5842748284339905,0.7536629438400269,-0.00013157358625903726,0.5659583806991577,0.6757375001907349,-0.008134087547659874,0.5518888235092163,0.6245883703231812,-0.018960706889629364,0.5361950993537903,0.5798206329345703,-0.028400354087352753,0.6220113039016724,0.7680801749229431,-0.012786856852471828,0.6131970882415771,0.7057265639305115,-0.020038139075040817,0.6030210852622986,0.6630877256393433,-0.025797978043556213,0.5903545022010803,0.624537467956543,-0.03161736950278282,HELLO
0,0,0,0,0,0,0,0,0,0,0,0,0,0,0,0,0,0,0,0,0,0,0,0,0,0,0,0,0,0,0,0,0,0,0,0,0,0,0,0,0,0,0,0,0,0,0,0,0,0,0,0,0,0,0,0,0,0,0,0,0,0,0,0.6002015471458435,0.9805217981338501,1.6912865419271839e-07,0.5390250086784363,0.949272632598877,-0.01336711086332798,0.49965423345565796,0.8691056966781616,-0.015710165724158287,0.4914563298225403,0.7869330644607544,-0.019486090168356895,0.5236712694168091,0.77005535364151,-0.022378545254468918,0.5190830230712891,0.7659773826599121,0.015266728587448597,0.5007897019386292,0.6905017495155334,0.009212886914610863,0.4868655800819397,0.6467069387435913,-0.0023552628699690104,0.47485023736953735,0.6054863929748535,-0.014525283128023148,0.5501196980476379,0.7506463527679443,0.009876932948827744,0.5296892523765564,0.669265866279602,0.004697619006037712,0.5153266191482544,0.6199595928192139,-0.0070006209425628185,0.4999947249889374,0.5739926695823669,-0.017400693148374557,0.5830815434455872,0.753211259841919,0.0003150267875753343,0.565276026725769,0.6757520437240601,-0.006914838682860136,0.5519452691078186,0.6254055500030518,-0.017028773203492165,0.5373186469078064,0.5809377431869507,-0.02607753686606884,0.6216831803321838,0.7683249115943909,-0.011971074156463146,0.6128203272819519,0.706405758857727,-0.018662001937627792,0.6034716367721558,0.6640982627868652,-0.024022012948989868,0.5919454097747803,0.625702977180481,-0.029593942686915398,HELLO
0,0,0,0,0,0,0,0,0,0,0,0,0,0,0,0,0,0,0,0,0,0,0,0,0,0,0,0,0,0,0,0,0,0,0,0,0,0,0,0,0,0,0,0,0,0,0,0,0,0,0,0,0,0,0,0,0,0,0,0,0,0,0,0.6016963124275208,0.980393648147583,1.6658781021305913e-07,0.5410906672477722,0.9488251805305481,-0.013412422500550747,0.5019558668136597,0.8707138895988464,-0.016564009711146355,0.49274688959121704,0.7904135584831238,-0.021259982138872147,0.5234651565551758,0.7665724754333496,-0.025119183585047722,0.5219453573226929,0.7679651975631714,0.013990075327455997,0.5042341947555542,0.692611038684845,0.006719898898154497,0.49018624424934387,0.6486186385154724,-0.005248548462986946,0.4778181314468384,0.6075857877731323,-0.01730804517865181,0.5524800419807434,0.7523531317710876,0.008366961032152176,0.5319475531578064,0.6698035597801208,0.001905323937535286,0.5170062184333801,0.619644045829773,-0.010147279128432274,0.5008286833763123,0.5735047459602356,-0.020509345456957817,0.5852528810501099,0.7541179656982422,-0.0014024721458554268,0.5665813088417053,0.6755608916282654,-0.010014566592872143,0.5526050925254822,0.6249186396598816,-0.0204717256128788,0.5366309285163879,0.5805736184120178,-0.029423842206597328,0.6231189966201782,0.7683736085891724,-0.013759002089500427,0.6145715713500977,0.7059682607650757,-0.021428460255265236,0.604701817035675,0.6632121205329895,-0.027068646624684334,0.592075765132904,0.6245104074478149,-0.03262033313512802,HELLO
0,0,0,0,0,0,0,0,0,0,0,0,0,0,0,0,0,0,0,0,0,0,0,0,0,0,0,0,0,0,0,0,0,0,0,0,0,0,0,0,0,0,0,0,0,0,0,0,0,0,0,0,0,0,0,0,0,0,0,0,0,0,0,0.6012345552444458,0.9799929857254028,1.6409221359481307e-07,0.5405977964401245,0.9492313265800476,-0.01335208211094141,0.5010030269622803,0.8697319030761719,-0.016023512929677963,0.49265551567077637,0.7878994345664978,-0.020076235756278038,0.5245044827461243,0.7693231105804443,-0.023327896371483803,0.5206581950187683,0.7671336531639099,0.0136263407766819,0.5028191804885864,0.6919453740119934,0.007367422338575125,0.48869699239730835,0.6486222147941589,-0.00379737326875329,0.47638559341430664,0.6079666018486023,-0.015663769096136093,0.5516544580459595,0.7517038583755493,0.008075068704783916,0.5315924882888794,0.6694477200508118,0.0021617375314235687,0.5168889760971069,0.620498776435852,-0.009514730423688889,0.5011809468269348,0.5752370953559875,-0.01976715214550495,0.5845645070075989,0.753990650177002,-0.001524971448816359,0.5667678713798523,0.6757773756980896,-0.009803133085370064,0.5530565977096558,0.6254972219467163,-0.020472930744290352,0.5376590490341187,0.5809725522994995,-0.029712561517953873,0.622814416885376,0.7685505747795105,-0.013686278834939003,0.6145621538162231,0.7061260342597961,-0.021441493183374405,0.6049174666404724,0.663604736328125,-0.027533093467354774,0.5925360321998596,0.6251461505889893,-0.03354011848568916,HELLO
0,0,0,0,0,0,0,0,0,0,0,0,0,0,0,0,0,0,0,0,0,0,0,0,0,0,0,0,0,0,0,0,0,0,0,0,0,0,0,0,0,0,0,0,0,0,0,0,0,0,0,0,0,0,0,0,0,0,0,0,0,0,0,0.6025380492210388,0.9816160798072815,1.6668788305196358e-07,0.542313814163208,0.9489989280700684,-0.012947415933012962,0.5030550360679626,0.8695792555809021,-0.015815388411283493,0.4943811893463135,0.7885357141494751,-0.02026810497045517,0.525142252445221,0.7679334878921509,-0.02391313575208187,0.5228816866874695,0.7675271034240723,0.014252744615077972,0.5052267909049988,0.6926102042198181,0.007573908660560846,0.491189569234848,0.6486824750900269,-0.004038617480546236,0.4788059592247009,0.6077809929847717,-0.015939028933644295,0.553519606590271,0.7522326707839966,0.008449053391814232,0.5328001976013184,0.670630156993866,0.0024225462693721056,0.5174192190170288,0.6202465891838074,-0.009420417249202728,0.5007700324058533,0.5737464427947998,-0.019670313224196434,0.5865629315376282,0.7542430758476257,-0.001393084297887981,0.5678765773773193,0.6758037805557251,-0.009744987823069096,0.5536336302757263,0.6252559423446655,-0.020177805796265602,0.5373240113258362,0.5812340378761292,-0.029086647555232048,0.6246117949485779,0.7687927484512329,-0.01378492172807455,0.6163654923439026,0.7063332796096802,-0.021305616945028305,0.6063339114189148,0.6636245250701904,-0.02688930742442608,0.5934223532676697,0.6256773471832275,-0.03235756978392601,HELLO
0,0,0,0,0,0,0,0,0,0,0,0,0,0,0,0,0,0,0,0,0,0,0,0,0,0,0,0,0,0,0,0,0,0,0,0,0,0,0,0,0,0,0,0,0,0,0,0,0,0,0,0,0,0,0,0,0,0,0,0,0,0,0,0.6028045415878296,0.9809798002243042,1.6044428718942072e-07,0.5423892140388489,0.9465758800506592,-0.012093600817024708,0.5042890310287476,0.8689616918563843,-0.014914391562342644,0.49603530764579773,0.7893811464309692,-0.01945207454264164,0.5272008180618286,0.7660022377967834,-0.02306349202990532,0.5243431329727173,0.7653856873512268,0.015422160737216473,0.507175087928772,0.690240740776062,0.008881480433046818,0.4930827021598816,0.6469692587852478,-0.002663395833224058,0.4805208444595337,0.6063233613967896,-0.014514148235321045,0.5550581216812134,0.7511604428291321,0.00929491501301527,0.5354717373847961,0.6690864562988281,0.0035295099951326847,0.5205712914466858,0.6202878355979919,-0.008007837459445,0.5042325258255005,0.5751858949661255,-0.0180974043905735,0.5878905653953552,0.7540276050567627,-0.0008623312460258603,0.5704886317253113,0.6760256290435791,-0.008735645562410355,0.5567724704742432,0.6264018416404724,-0.018364738672971725,0.5408448576927185,0.5831658244132996,-0.026835201308131218,0.6260547637939453,0.769294261932373,-0.013532185927033424,0.6181928515434265,0.7066112756729126,-0.020635422319173813,0.6085678935050964,0.6642135381698608,-0.025597190484404564,0.5959441065788269,0.6260890364646912,-0.030642401427030563,HELLO
0,0,0,0,0,0,0,0,0,0,0,0,0,0,0,0,0,0,0,0,0,0,0,0,0,0,0,0,0,0,0,0,0,0,0,0,0,0,0,0,0,0,0,0,0,0,0,0,0,0,0,0,0,0,0,0,0,0,0,0,0,0,0,0.6032349467277527,0.9807878136634827,1.54579609557004e-07,0.5425657033920288,0.9475231766700745,-0.01232947874814272,0.5040706396102905,0.8685177564620972,-0.014840396121144295,0.4967356324195862,0.7889120578765869,-0.018937939777970314,0.5267579555511475,0.7662118077278137,-0.022204935550689697,0.5246752500534058,0.766230583190918,0.013826617039740086,0.5071492195129395,0.6903276443481445,0.007008995395153761,0.4929026961326599,0.6466320157051086,-0.00428882148116827,0.4799064099788666,0.6062171459197998,-0.01578740030527115,0.5553327202796936,0.7518602609634399,0.007853228598833084,0.5354284644126892,0.6696034669876099,0.001444126944988966,0.5204683542251587,0.6199250817298889,-0.010160977952182293,0.5043063163757324,0.5747733116149902,-0.02008332870900631,0.588034987449646,0.7543026208877563,-0.002088992390781641,0.5706831812858582,0.6759732365608215,-0.010695450007915497,0.5573421716690063,0.6247870326042175,-0.02097443677484989,0.5417612791061401,0.5802405476570129,-0.029725372791290283,0.6257280111312866,0.7688921689987183,-0.014478598721325397,0.6185212731361389,0.7062017321586609,-0.022330384701490402,0.6091970801353455,0.6632160544395447,-0.02791973575949669,0.5967845320701599,0.6248770356178284,-0.03330546244978905,HELLO
0,0,0,0,0,0,0,0,0,0,0,0,0,0,0,0,0,0,0,0,0,0,0,0,0,0,0,0,0,0,0,0,0,0,0,0,0,0,0,0,0,0,0,0,0,0,0,0,0,0,0,0,0,0,0,0,0,0,0,0,0,0,0,0.6034896969795227,0.9807627201080322,1.6059236429555312e-07,0.5426482558250427,0.9478223919868469,-0.012505045160651207,0.503899097442627,0.8688668608665466,-0.015098968520760536,0.4961192011833191,0.7887029051780701,-0.019220734015107155,0.5259922742843628,0.7668405771255493,-0.02250015363097191,0.524459183216095,0.7661352157592773,0.01390229631215334,0.5070387125015259,0.6901605725288391,0.007208638358861208,0.49291449785232544,0.6464496850967407,-0.004030093550682068,0.4800141453742981,0.6060406565666199,-0.015527145005762577,0.5552453398704529,0.7516522407531738,0.008050179108977318,0.5354300737380981,0.669317364692688,0.0017906196881085634,0.5205466747283936,0.6196988821029663,-0.009725062176585197,0.5043461918830872,0.5747218728065491,-0.01959085278213024,0.587990939617157,0.7541278600692749,-0.0017934400821104646,0.5706477165222168,0.6758279204368591,-0.01031566597521305,0.5572823286056519,0.624847412109375,-0.020612724125385284,0.5416505336761475,0.5805022716522217,-0.029378071427345276,0.6257624626159668,0.7687363624572754,-0.014094483107328415,0.6184856295585632,0.7061648368835449,-0.02192389965057373,0.6091127395629883,0.6633585095405579,-0.02756895311176777,0.5966543555259705,0.6251401901245117,-0.0330001600086689,HELLO
0,0,0,0,0,0,0,0,0,0,0,0,0,0,0,0,0,0,0,0,0,0,0,0,0,0,0,0,0,0,0,0,0,0,0,0,0,0,0,0,0,0,0,0,0,0,0,0,0,0,0,0,0,0,0,0,0,0,0,0,0,0,0,0.6060036420822144,0.9778265357017517,1.464989054511534e-07,0.5463036894798279,0.945030689239502,-0.012512236833572388,0.5080519318580627,0.8650331497192383,-0.01490392629057169,0.49895820021629333,0.7837531566619873,-0.01889548823237419,0.5283511281013489,0.763623058795929,-0.02202838473021984,0.527643620967865,0.7646188735961914,0.014757219702005386,0.5108534097671509,0.6900834441184998,0.008124965243041515,0.4964105188846588,0.6471474766731262,-0.0032396099995821714,0.4833103120326996,0.6071754097938538,-0.014842539094388485,0.5582942962646484,0.7496230006217957,0.008827153593301773,0.5380613803863525,0.6678208112716675,0.0031653305049985647,0.5226473212242126,0.618253767490387,-0.007848563604056835,0.5061534643173218,0.5727978944778442,-0.017427675426006317,0.5914526581764221,0.7520449757575989,-0.0011900716926902533,0.5734966993331909,0.6745283007621765,-0.009087808430194855,0.5602067708969116,0.6240884065628052,-0.01845235750079155,0.5450048446655273,0.5799099206924438,-0.026586387306451797,0.6297648549079895,0.7667691707611084,-0.013796755112707615,0.6215492486953735,0.7041671276092529,-0.020684126764535904,0.6119785904884338,0.6618086099624634,-0.0252239927649498,0.5997127890586853,0.6237625479698181,-0.029932808130979538,HELLO
0,0,0,0,0,0,0,0,0,0,0,0,0,0,0,0,0,0,0,0,0,0,0,0,0,0,0,0,0,0,0,0,0,0,0,0,0,0,0,0,0,0,0,0,0,0,0,0,0,0,0,0,0,0,0,0,0,0,0,0,0,0,0,0.6065136194229126,0.9747801423072815,1.6148136694482673e-07,0.5465128421783447,0.9416189193725586,-0.011693421751260757,0.5080177187919617,0.8622950911521912,-0.013594814576208591,0.49988338351249695,0.7806503772735596,-0.017217183485627174,0.5306246876716614,0.7588763236999512,-0.01992769166827202,0.5301827788352966,0.7612041234970093,0.015962474048137665,0.5123971104621887,0.6858804821968079,0.01017327606678009,0.49822890758514404,0.6425108313560486,-0.0007100067450664937,0.48593372106552124,0.6020904779434204,-0.012125981971621513,0.5606667399406433,0.7466346025466919,0.009981201961636543,0.5404801964759827,0.6641868948936462,0.004877735860645771,0.5259152054786682,0.6143580079078674,-0.006150281056761742,0.5102432370185852,0.5688899159431458,-0.01590544730424881,0.5931200981140137,0.7494109869003296,-9.200023669109214e-06,0.5757443308830261,0.6714549660682678,-0.007524799555540085,0.5629205107688904,0.6214132905006409,-0.01728031411767006,0.5482637286186218,0.5785765051841736,-0.02589804120361805,0.6313953399658203,0.7643013000488281,-0.0124945268034935,0.6242229342460632,0.7023449540138245,-0.01929805800318718,0.6149497628211975,0.6601346731185913,-0.024510623887181282,0.6029133200645447,0.6225310564041138,-0.029882773756980896,HELLO
0,0,0,0,0,0,0,0,0,0,0,0,0,0,0,0,0,0,0,0,0,0,0,0,0,0,0,0,0,0,0,0,0,0,0,0,0,0,0,0,0,0,0,0,0,0,0,0,0,0,0,0,0,0,0,0,0,0,0,0,0,0,0,0.6075877547264099,0.9742064476013184,1.5166578748448956e-07,0.5473999381065369,0.9420236349105835,-0.01240071002393961,0.5082773566246033,0.8619251251220703,-0.014403481967747211,0.5011246204376221,0.7808592915534973,-0.0180349163711071,0.533160924911499,0.7588900327682495,-0.020851368084549904,0.5318620204925537,0.7617020606994629,0.014462439343333244,0.5143198370933533,0.686370849609375,0.00821908749639988,0.49976566433906555,0.6427683234214783,-0.0026922712568193674,0.4868544638156891,0.6023638248443604,-0.01406804472208023,0.5618559718132019,0.74656081199646,0.008729534223675728,0.5420452356338501,0.6639562249183655,0.002983579644933343,0.5272642374038696,0.6136528849601746,-0.008129250258207321,0.5116275548934937,0.5678479671478271,-0.01784377545118332,0.5938677191734314,0.7488130927085876,-0.0010659798281267285,0.5765828490257263,0.6701598763465881,-0.009194944053888321,0.5634975433349609,0.6191235780715942,-0.01956176571547985,0.5486330389976501,0.5749069452285767,-0.028511617332696915,0.631108283996582,0.7635822892189026,-0.013372640125453472,0.6243050694465637,0.7013452649116516,-0.020853813737630844,0.6153494715690613,0.6585145592689514,-0.02680147811770439,0.6035791039466858,0.6200749278068542,-0.03267191722989082,HELLO
0,0,0,0,0,0,0,0,0,0,0,0,0,0,0,0,0,0,0,0,0,0,0,0,0,0,0,0,0,0,0,0,0,0,0,0,0,0,0,0,0,0,0,0,0,0,0,0,0,0,0,0,0,0,0,0,0,0,0,0,0,0,0,0.6073090434074402,0.9736599922180176,1.5107107742551307e-07,0.547190248966217,0.9419534206390381,-0.012332704849541187,0.5079240202903748,0.8616341948509216,-0.014149663038551807,0.5010191798210144,0.7804734706878662,-0.0175789762288332,0.5325466394424438,0.7588344812393188,-0.020242877304553986,0.5316197276115417,0.7613100409507751,0.01406692061573267,0.5143200159072876,0.6857551336288452,0.007740473840385675,0.4999105930328369,0.6421278715133667,-0.0031408679205924273,0.4869234561920166,0.6018022298812866,-0.01445259340107441,0.5617577433586121,0.7462770938873291,0.008317090570926666,0.5419748425483704,0.6637986302375793,0.002449949271976948,0.5270998477935791,0.6134570240974426,-0.008626381866633892,0.5112637877464294,0.5678524971008301,-0.01827411912381649,0.5937818884849548,0.748600959777832,-0.0014706881484016776,0.5766953229904175,0.6700124740600586,-0.009729327633976936,0.5636533498764038,0.6188719272613525,-0.020112188532948494,0.5487591028213501,0.5746829509735107,-0.029038777574896812,0.6309738159179688,0.7633615732192993,-0.013756669126451015,0.6242913007736206,0.7011715769767761,-0.02141387388110161,0.615362823009491,0.6583479642868042,-0.027430128306150436,0.6035382151603699,0.6200547814369202,-0.03331213444471359,HELLO
0,0,0,0,0,0,0,0,0,0,0,0,0,0,0,0,0,0,0,0,0,0,0,0,0,0,0,0,0,0,0,0,0,0,0,0,0,0,0,0,0,0,0,0,0,0,0,0,0,0,0,0,0,0,0,0,0,0,0,0,0,0,0,0.6072675585746765,0.9737400412559509,1.5021851140772924e-07,0.5471951365470886,0.9418346881866455,-0.012320448644459248,0.5079878568649292,0.8619654774665833,-0.01432033721357584,0.5011081099510193,0.7809555530548096,-0.017931699752807617,0.5329883694648743,0.7584526538848877,-0.020766571164131165,0.5316860675811768,0.7616038918495178,0.013888250105082989,0.5141900181770325,0.6860767602920532,0.007449519354850054,0.4996880292892456,0.6424369812011719,-0.0034955732990056276,0.48670363426208496,0.6020679473876953,-0.01483585499227047,0.561799943447113,0.7465274333953857,0.008103210479021072,0.5419049263000488,0.6639789342880249,0.0021222103387117386,0.526988685131073,0.6136040687561035,-0.00904989242553711,0.5111583471298218,0.5678434371948242,-0.018764061853289604,0.5938369631767273,0.7488168478012085,-0.0016957391053438187,0.5766257047653198,0.6700727343559265,-0.010046727955341339,0.5635259747505188,0.6189552545547485,-0.02047598920762539,0.5485690236091614,0.574745774269104,-0.02942590042948723,0.6310499310493469,0.7636040449142456,-0.013970769010484219,0.6243386268615723,0.7012251615524292,-0.021702038124203682,0.6153589487075806,0.6582995653152466,-0.02775026299059391,0.6034695506095886,0.619870126247406,-0.033638179302215576,HELLO
0,0,0,0,0,0,0,0,0,0,0,0,0,0,0,0,0,0,0,0,0,0,0,0,0,0,0,0,0,0,0,0,0,0,0,0,0,0,0,0,0,0,0,0,0,0,0,0,0,0,0,0,0,0,0,0,0,0,0,0,0,0,0,0.6093344688415527,0.9741309285163879,1.6659046764289087e-07,0.5487359166145325,0.9417843818664551,-0.013103882782161236,0.5096015930175781,0.8621599674224854,-0.015745703130960464,0.5016119480133057,0.7798835039138794,-0.019891299307346344,0.5350345373153687,0.7565538287162781,-0.023073624819517136,0.5329976677894592,0.761440634727478,0.014436355791985989,0.5154780745506287,0.6856465339660645,0.00793503038585186,0.5010183453559875,0.6418978571891785,-0.003315017791464925,0.48854339122772217,0.6009606122970581,-0.014852448366582394,0.5632126927375793,0.7464423775672913,0.009114650078117847,0.543255090713501,0.663827121257782,0.0035581819247454405,0.5284046530723572,0.6127285361289978,-0.007555556483566761,0.5127997398376465,0.5658860206604004,-0.017282530665397644,0.5955001711845398,0.7489420771598816,-0.00036551058292388916,0.5780434608459473,0.6707851886749268,-0.008078853599727154,0.5649769902229309,0.6197655200958252,-0.01817544549703598,0.550299346446991,0.5756563544273376,-0.02693924866616726,0.6329442858695984,0.7637144327163696,-0.012459889054298401,0.6256306171417236,0.7015876173973083,-0.019454777240753174,0.6164191365242004,0.658952534198761,-0.025052282959222794,0.6046717762947083,0.6206827163696289,-0.030624859035015106,HELLO
0,0,0,0,0,0,0,0,0,0,0,0,0,0,0,0,0,0,0,0,0,0,0,0,0,0,0,0,0,0,0,0,0,0,0,0,0,0,0,0,0,0,0,0,0,0,0,0,0,0,0,0,0,0,0,0,0,0,0,0,0,0,0,0.6098981499671936,0.9732110500335693,1.6372493405469868e-07,0.5485996603965759,0.9408119916915894,-0.012654727324843407,0.5096237063407898,0.8619545102119446,-0.014836589805781841,0.5013723373413086,0.7796754240989685,-0.018635254353284836,0.5328746438026428,0.7562738060951233,-0.021578487008810043,0.532525897026062,0.7609649300575256,0.015588971786201,0.5151863694190979,0.6850361824035645,0.009427203796803951,0.5007768869400024,0.6414003372192383,-0.0016847735969349742,0.4882619380950928,0.6005991101264954,-0.01322536077350378,0.5629462003707886,0.7461925148963928,0.010062544606626034,0.5431454181671143,0.6637338399887085,0.004569864831864834,0.5283617973327637,0.6134037971496582,-0.006740771234035492,0.512816309928894,0.5673614740371704,-0.016645250841975212,0.5952274203300476,0.7488181591033936,0.00034819357097148895,0.5781746506690979,0.6706446409225464,-0.0075972238555550575,0.5650811791419983,0.6192320585250854,-0.018102245405316353,0.5504968166351318,0.5744531154632568,-0.027198532596230507,0.6327787041664124,0.763857364654541,-0.011894860304892063,0.6256020665168762,0.701845109462738,-0.019344473257660866,0.616536557674408,0.6591448783874512,-0.02528487704694271,0.6050214767456055,0.6204296350479126,-0.031130056828260422,HELLO
0,0,0,0,0,0,0,0,0,0,0,0,0,0,0,0,0,0,0,0,0,0,0,0,0,0,0,0,0,0,0,0,0,0,0,0,0,0,0,0,0,0,0,0,0,0,0,0,0,0,0,0,0,0,0,0,0,0,0,0,0,0,0,0.6106223464012146,0.9724293947219849,1.718719460086504e-07,0.549504280090332,0.9420582056045532,-0.013556644320487976,0.5097424983978271,0.8627268075942993,-0.01578274369239807,0.5014403462409973,0.7796638607978821,-0.019390011206269264,0.5327877998352051,0.7554671168327332,-0.02211298979818821,0.5331060290336609,0.7611820101737976,0.014729862101376057,0.5155689120292664,0.685343325138092,0.008588151074945927,0.5017039179801941,0.6415734887123108,-0.0024250063579529524,0.4898490607738495,0.6005039215087891,-0.013844728469848633,0.563538670539856,0.7461308836936951,0.00978060718625784,0.5435237884521484,0.6636250019073486,0.0043720947578549385,0.5288701057434082,0.6129072308540344,-0.006795542314648628,0.5134881138801575,0.5661672949790955,-0.01658882573246956,0.5958050489425659,0.7487410306930542,0.0005844918778166175,0.5784968733787537,0.6708806753158569,-0.007364682853221893,0.5653101205825806,0.620090126991272,-0.01761341281235218,0.5508097410202026,0.5756474733352661,-0.02647935412824154,0.6333649754524231,0.7636553049087524,-0.011228361167013645,0.6256106495857239,0.7016299366950989,-0.018623538315296173,0.6164680123329163,0.6593562960624695,-0.024395566433668137,0.604993462562561,0.6207026839256287,-0.0300994161516428,HELLO
0,0,0,0,0,0,0,0,0,0,0,0,0,0,0,0,0,0,0,0,0,0,0,0,0,0,0,0,0,0,0,0,0,0,0,0,0,0,0,0,0,0,0,0,0,0,0,0,0,0,0,0,0,0,0,0,0,0,0,0,0,0,0,0.6111605763435364,0.9729364514350891,1.7770092597402254e-07,0.5496522188186646,0.9419323801994324,-0.014082701876759529,0.5097385048866272,0.8632106781005859,-0.01694657653570175,0.5014151930809021,0.7802153825759888,-0.02103305794298649,0.532893180847168,0.756034255027771,-0.02418147772550583,0.5331436395645142,0.7612015008926392,0.013353504240512848,0.5154939293861389,0.684841513633728,0.006576039828360081,0.5013975501060486,0.6407539248466492,-0.0048120091669261456,0.48922649025917053,0.599561333656311,-0.01640528067946434,0.5637004971504211,0.7464539408683777,0.008526616729795933,0.5435929298400879,0.6636337637901306,0.0024804312270134687,0.528624415397644,0.6128298044204712,-0.008875323459506035,0.5128682851791382,0.5663946270942688,-0.018697967752814293,0.5960849523544312,0.7492234706878662,-0.0005145944305695593,0.5784070491790771,0.6710622310638428,-0.008942742832005024,0.5649768114089966,0.6204203367233276,-0.01906554214656353,0.5501485466957092,0.5765327215194702,-0.027680758386850357,0.6339173913002014,0.7642126679420471,-0.01219785027205944,0.6262124180793762,0.701422393321991,-0.019886348396539688,0.6169683337211609,0.6588747501373291,-0.025558341294527054,0.6051939129829407,0.6203867793083191,-0.03103449009358883,HELLO
0,0,0,0,0,0,0,0,0,0,0,0,0,0,0,0,0,0,0,0,0,0,0,0,0,0,0,0,0,0,0,0,0,0,0,0,0,0,0,0,0,0,0,0,0,0,0,0,0,0,0,0,0,0,0,0,0,0,0,0,0,0,0,0.6116165518760681,0.9727075099945068,1.7413441355529358e-07,0.5501806735992432,0.9425219297409058,-0.014184627681970596,0.5101587772369385,0.8636047840118408,-0.017073826864361763,0.5014664530754089,0.780031144618988,-0.02119552716612816,0.5323659181594849,0.7556064128875732,-0.024394618347287178,0.5334401726722717,0.7609604597091675,0.01333905104547739,0.5156473517417908,0.6848154664039612,0.006491720210760832,0.5016056299209595,0.6408929228782654,-0.004966804292052984,0.4894309341907501,0.5997784733772278,-0.016658537089824677,0.5639171600341797,0.7459906339645386,0.008448396809399128,0.5436232089996338,0.6634116768836975,0.002270328812301159,0.5285823345184326,0.6129395961761475,-0.00920513179153204,0.512686550617218,0.5668227076530457,-0.019129566848278046,0.5961587429046631,0.7486506700515747,-0.000680226949043572,0.5784577131271362,0.6702186465263367,-0.0093523059040308,0.5650582313537598,0.6197720766067505,-0.01967811957001686,0.5501490831375122,0.5759956240653992,-0.02845529280602932,0.6338757276535034,0.7636175751686096,-0.01244817953556776,0.6262974143028259,0.7010711431503296,-0.020482441410422325,0.6171059012413025,0.6584972739219666,-0.02644146792590618,0.6053360104560852,0.6199912428855896,-0.03213944658637047,HELLO
0,0,0,0,0,0,0,0,0,0,0,0,0,0,0,0,0,0,0,0,0,0,0,0,0,0,0,0,0,0,0,0,0,0,0,0,0,0,0,0,0,0,0,0,0,0,0,0,0,0,0,0,0,0,0,0,0,0,0,0,0,0,0,0.6113301515579224,0.9727320671081543,1.7265601570670697e-07,0.5499576926231384,0.9423356056213379,-0.014107480645179749,0.509961724281311,0.8635851144790649,-0.01696869358420372,0.501267671585083,0.7801063060760498,-0.02109437808394432,0.5320459604263306,0.7557350397109985,-0.0243312269449234,0.5335031151771545,0.7607293725013733,0.013367432169616222,0.5156505703926086,0.6846389770507812,0.006439665332436562,0.5015461444854736,0.6407237648963928,-0.005103943403810263,0.4893069565296173,0.5996659994125366,-0.01684928685426712,0.5639338493347168,0.7457842826843262,0.008433450944721699,0.5435823798179626,0.6633577346801758,0.0021573726553469896,0.5284706354141235,0.6129586696624756,-0.009430567733943462,0.5124772787094116,0.5668811202049255,-0.01942744478583336,0.5961544513702393,0.7483876347541809,-0.0007326205959543586,0.5785017609596252,0.6700397729873657,-0.00948956236243248,0.565051257610321,0.6196038126945496,-0.01989171653985977,0.5500562787055969,0.575818657875061,-0.028703419491648674,0.6338027715682983,0.7633312344551086,-0.012531733140349388,0.6262327432632446,0.7007363438606262,-0.02064232900738716,0.6169915795326233,0.6581279039382935,-0.026657139882445335,0.605170488357544,0.619596540927887,-0.03237759321928024,HELLO
0,0,0,0,0,0,0,0,0,0,0,0,0,0,0,0,0,0,0,0,0,0,0,0,0,0,0,0,0,0,0,0,0,0,0,0,0,0,0,0,0,0,0,0,0,0,0,0,0,0,0,0,0,0,0,0,0,0,0,0,0,0,0,0.6112293004989624,0.9726656079292297,1.6901729793517006e-07,0.5501616597175598,0.9416266083717346,-0.013974861241877079,0.5106580853462219,0.8636280298233032,-0.0170078556984663,0.5015323758125305,0.7806678414344788,-0.021339379251003265,0.5316521525382996,0.754340648651123,-0.024704765528440475,0.5335656404495239,0.7607886791229248,0.013777360320091248,0.5157670974731445,0.6849278807640076,0.0067705512046813965,0.5014045238494873,0.6413093209266663,-0.004862786270678043,0.4889322519302368,0.6003658771514893,-0.01664639078080654,0.5639629364013672,0.745951771736145,0.008769049309194088,0.5435747504234314,0.6633297204971313,0.0025214673951268196,0.5284633636474609,0.6130461096763611,-0.009084982797503471,0.5123788118362427,0.5668081641197205,-0.019124431535601616,0.5961763858795166,0.7487406134605408,-0.0004867171810474247,0.5785048007965088,0.6702149510383606,-0.009223575703799725,0.5651165246963501,0.6198680996894836,-0.01944826729595661,0.5500410199165344,0.5760484337806702,-0.02815699577331543,0.6338492035865784,0.7638071179389954,-0.01235196366906166,0.6262152194976807,0.7012650966644287,-0.020455310121178627,0.6168805360794067,0.6587672829627991,-0.02630120888352394,0.6048838496208191,0.6201825141906738,-0.0318865031003952,HELLO
0,0,0,0,0,0,0,0,0,0,0,0,0,0,0,0,0,0,0,0,0,0,0,0,0,0,0,0,0,0,0,0,0,0,0,0,0,0,0,0,0,0,0,0,0,0,0,0,0,0,0,0,0,0,0,0,0,0,0,0,0,0,0,0.6117373704910278,0.9720554351806641,1.6379733835947263e-07,0.5504463911056519,0.9410887956619263,-0.013598972000181675,0.5110290050506592,0.8630095720291138,-0.016347650438547134,0.5021055936813354,0.7803639769554138,-0.02050846256315708,0.5322564840316772,0.7537446618080139,-0.023747004568576813,0.5340850353240967,0.7608597278594971,0.014294270426034927,0.5158979892730713,0.6852560639381409,0.007300799246877432,0.5012629628181458,0.6416063904762268,-0.0042913868092000484,0.4887295961380005,0.6007405519485474,-0.016008393839001656,0.5643930435180664,0.7459273338317871,0.00915998313575983,0.5438088178634644,0.6634548306465149,0.0029438305646181107,0.5286715626716614,0.6131559610366821,-0.008623842149972916,0.5127502083778381,0.5669863224029541,-0.01862397976219654,0.5965539813041687,0.748450756072998,-0.0002271936391480267,0.5787333250045776,0.6702814102172852,-0.008884753100574017,0.5653793811798096,0.6201120018959045,-0.019049882888793945,0.5504055023193359,0.576469361782074,-0.0277189202606678,0.6340227127075195,0.7631763815879822,-0.012209903448820114,0.6263205409049988,0.7008066773414612,-0.020206542685627937,0.6170214414596558,0.658460259437561,-0.026002109050750732,0.6050907373428345,0.6199326515197754,-0.031568724662065506,HELLO
0,0,0,0,0,0,0,0,0,0,0,0,0,0,0,0,0,0,0,0,0,0,0,0,0,0,0,0,0,0,0,0,0,0,0,0,0,0,0,0,0,0,0,0,0,0,0,0,0,0,0,0,0,0,0,0,0,0,0,0,0,0,0,0.6128397583961487,0.9719609022140503,1.6555935644646524e-07,0.5510300993919373,0.9400656223297119,-0.01312173530459404,0.5116809606552124,0.8612301349639893,-0.0152214914560318,0.5025232434272766,0.7783922553062439,-0.018765902146697044,0.532397985458374,0.7527683973312378,-0.02137223444879055,0.5345381498336792,0.7607519626617432,0.015680044889450073,0.5166753530502319,0.6855968236923218,0.00935647077858448,0.5022888779640198,0.6422873139381409,-0.0019306546309962869,0.4898459315299988,0.6015306711196899,-0.013464504852890968,0.5648678541183472,0.745814859867096,0.01053844764828682,0.5446579456329346,0.6635386347770691,0.0049509573727846146,0.5293969511985779,0.6133867502212524,-0.006422702688723803,0.5132260918617249,0.5672242045402527,-0.016249632462859154,0.5970906615257263,0.7484183311462402,0.001160900224931538,0.5793479681015015,0.6704499125480652,-0.0069939554668962955,0.5659475922584534,0.6202216148376465,-0.016986701637506485,0.5510784387588501,0.5765206813812256,-0.025508131831884384,0.6347017884254456,0.7633695006370544,-0.010782074183225632,0.6268075108528137,0.701081395149231,-0.0182248055934906,0.617778480052948,0.6588925123214722,-0.02359244041144848,0.6063611507415771,0.6205260157585144,-0.028841685503721237,HELLO
0,0,0,0,0,0,0,0,0,0,0,0,0,0,0,0,0,0,0,0,0,0,0,0,0,0,0,0,0,0,0,0,0,0,0,0,0,0,0,0,0,0,0,0,0,0,0,0,0,0,0,0,0,0,0,0,0,0,0,0,0,0,0,0.613558828830719,0.9716478586196899,1.6752088072280458e-07,0.5517199039459229,0.9408342838287354,-0.013786422088742256,0.5120872259140015,0.8622049689292908,-0.016302555799484253,0.5031800270080566,0.778652012348175,-0.02012445405125618,0.5328919887542725,0.7531075477600098,-0.023052331060171127,0.5350528955459595,0.7610483169555664,0.014287545345723629,0.5170342922210693,0.6858716011047363,0.0075928084552288055,0.5025540590286255,0.6424514055252075,-0.00380096142180264,0.4899390935897827,0.6016302704811096,-0.01540745422244072,0.5654491782188416,0.745739221572876,0.009315438568592072,0.5449850559234619,0.6636341214179993,0.0032831288408488035,0.5295652747154236,0.6133975982666016,-0.008187579922378063,0.5132057070732117,0.567325234413147,-0.018051911145448685,0.5976971983909607,0.7480945587158203,9.978780872188509e-05,0.5798673629760742,0.6700215339660645,-0.008605255745351315,0.5663005709648132,0.6197729110717773,-0.018865598365664482,0.5510696768760681,0.5759293437004089,-0.027514483779668808,0.6351751089096069,0.7629106044769287,-0.011697311885654926,0.6274170875549316,0.7008166909217834,-0.01975140906870365,0.6182953715324402,0.6586099863052368,-0.025503985583782196,0.6066002249717712,0.6203198432922363,-0.03097008354961872,HELLO
0,0,0,0,0,0,0,0,0,0,0,0,0,0,0,0,0,0,0,0,0,0,0,0,0,0,0,0,0,0,0,0,0,0,0,0,0,0,0,0,0,0,0,0,0,0,0,0,0,0,0,0,0,0,0,0,0,0,0,0,0,0,0,0.6136554479598999,0.9725133776664734,1.7090019355237018e-07,0.5521069169044495,0.9411787986755371,-0.013755010440945625,0.5126086473464966,0.8621344566345215,-0.01617118902504444,0.5032939314842224,0.778331995010376,-0.019883448258042336,0.533484935760498,0.7534229755401611,-0.02263510785996914,0.5353913307189941,0.7615261673927307,0.014854135923087597,0.5172795653343201,0.6860872507095337,0.00843839906156063,0.5026651620864868,0.6427123546600342,-0.0027822675183415413,0.4900500178337097,0.6019300222396851,-0.014225504361093044,0.5657200217247009,0.7461673617362976,0.010042199864983559,0.5451714396476746,0.6640804409980774,0.004465222824364901,0.5297670960426331,0.6138306260108948,-0.006672220304608345,0.5134993195533752,0.5678497552871704,-0.016262495890259743,0.5981334447860718,0.7483857870101929,0.0009677434572950006,0.580176591873169,0.6705453395843506,-0.007131383754312992,0.5667762756347656,0.6204116940498352,-0.016953574493527412,0.5518617630004883,0.5768369436264038,-0.025298431515693665,0.6357503533363342,0.7629219889640808,-0.01072907168418169,0.6276693344116211,0.7009761333465576,-0.018044209107756615,0.6185609698295593,0.6588045954704285,-0.023277394473552704,0.6071745753288269,0.6206732988357544,-0.0283737163990736,HELLO
0,0,0,0,0,0,0,0,0,0,0,0,0,0,0,0,0,0,0,0,0,0,0,0,0,0,0,0,0,0,0,0,0,0,0,0,0,0,0,0,0,0,0,0,0,0,0,0,0,0,0,0,0,0,0,0,0,0,0,0,0,0,0,0.6138529777526855,0.9730829000473022,1.637972104617802e-07,0.5519065856933594,0.941741406917572,-0.013517875224351883,0.5122039914131165,0.8624619841575623,-0.015717385336756706,0.5031862854957581,0.7784063220024109,-0.019232070073485374,0.5338423252105713,0.7536417841911316,-0.021777760237455368,0.5354902744293213,0.7617021203041077,0.015283286571502686,0.5173793435096741,0.686534583568573,0.009181943722069263,0.5027152299880981,0.6435100436210632,-0.0018838943215087056,0.4900871813297272,0.6028918027877808,-0.013352487236261368,0.5659478902816772,0.7460446953773499,0.010395579040050507,0.5453816652297974,0.664088785648346,0.005055052228271961,0.53001868724823,0.6143221259117126,-0.006083494983613491,0.5136787295341492,0.5685732960700989,-0.01579613983631134,0.5982974767684937,0.7481052875518799,0.001248059095814824,0.5806004405021667,0.6703567504882812,-0.006780299823731184,0.567275881767273,0.6204511523246765,-0.016901124268770218,0.5522549748420715,0.5771597027778625,-0.02555520087480545,0.6358561515808105,0.7625826001167297,-0.01048640999943018,0.6280522346496582,0.7007167935371399,-0.017968498170375824,0.6188483834266663,0.6586393117904663,-0.023593273013830185,0.6071416139602661,0.620732843875885,-0.029047155752778053,HELLO
0,0,0,0,0,0,0,0,0,0,0,0,0,0,0,0,0,0,0,0,0,0,0,0,0,0,0,0,0,0,0,0,0,0,0,0,0,0,0,0,0,0,0,0,0,0,0,0,0,0,0,0,0,0,0,0,0,0,0,0,0,0,0,0.6138877868652344,0.9733490943908691,1.6213988374147448e-07,0.5519099235534668,0.9418365359306335,-0.01326860673725605,0.5123282670974731,0.8621057868003845,-0.015218371525406837,0.5031155347824097,0.7779585719108582,-0.01854102313518524,0.5338439345359802,0.7538053393363953,-0.020888864994049072,0.5355355143547058,0.7615934014320374,0.01590529829263687,0.5174533724784851,0.6864075660705566,0.010072305798530579,0.5027597546577454,0.6434428095817566,-0.0008679799502715468,0.49010083079338074,0.6028691530227661,-0.012299229390919209,0.5659590363502502,0.7459703683853149,0.010944070294499397,0.545421302318573,0.6640068292617798,0.005875131580978632,0.5300523042678833,0.6142963171005249,-0.005146231967955828,0.5136473774909973,0.5685782432556152,-0.014813371002674103,0.5982848405838013,0.7481082677841187,0.001716597005724907,0.5806208252906799,0.670396625995636,-0.006057834252715111,0.5673424005508423,0.6204894781112671,-0.016102401539683342,0.552343487739563,0.5771697163581848,-0.024762745946645737,0.635844349861145,0.762675404548645,-0.010098876431584358,0.6280717849731445,0.7009028196334839,-0.017378322780132294,0.618905246257782,0.6588044762611389,-0.022940153256058693,0.607245683670044,0.62080979347229,-0.02839905209839344,HELLO
0,0,0,0,0,0,0,0,0,0,0,0,0,0,0,0,0,0,0,0,0,0,0,0,0,0,0,0,0,0,0,0,0,0,0,0,0,0,0,0,0,0,0,0,0,0,0,0,0,0,0,0,0,0,0,0,0,0,0,0,0,0,0,0.6154436469078064,0.9727870225906372,1.6300732852414512e-07,0.5537568926811218,0.9420157670974731,-0.013924285769462585,0.5141773223876953,0.8623179197311401,-0.016353288665413857,0.5038876533508301,0.7777037024497986,-0.0200541652739048,0.5343101620674133,0.752839207649231,-0.022732604295015335,0.5363113880157471,0.7614524364471436,0.015319796279072762,0.5187457799911499,0.6862889528274536,0.009113937616348267,0.5040141940116882,0.6433082222938538,-0.0021408204920589924,0.49119073152542114,0.6026809215545654,-0.013761389069259167,0.5666463971138,0.7456757426261902,0.010685612447559834,0.5463100075721741,0.6639491319656372,0.005553964525461197,0.5308489203453064,0.6143158674240112,-0.0053656441159546375,0.5141406059265137,0.568587601184845,-0.01498384214937687,0.5990500450134277,0.7477877140045166,0.0017300245817750692,0.5811833739280701,0.6701589226722717,-0.005881393328309059,0.5677874684333801,0.6206083297729492,-0.01546136848628521,0.5526875853538513,0.5777050256729126,-0.023819072172045708,0.636756956577301,0.7623292207717896,-0.009912089444696903,0.6285744905471802,0.7007517218589783,-0.016898730769753456,0.6193276047706604,0.6588814854621887,-0.02207302674651146,0.607700765132904,0.6212189197540283,-0.027236338704824448,HELLO
0,0,0,0,0,0,0,0,0,0,0,0,0,0,0,0,0,0,0,0,0,0,0,0,0,0,0,0,0,0,0,0,0,0,0,0,0,0,0,0,0,0,0,0,0,0,0,0,0,0,0,0,0,0,0,0,0,0,0,0,0,0,0,0.6160213351249695,0.9715086817741394,1.651403351843328e-07,0.5542770028114319,0.9410392642021179,-0.013715607114136219,0.5143115520477295,0.8611672520637512,-0.015972569584846497,0.5043407678604126,0.7764639258384705,-0.019538989290595055,0.5350567698478699,0.753818929195404,-0.022170767188072205,0.5367244482040405,0.76112961769104,0.014994419179856777,0.5189602375030518,0.6862431168556213,0.008839032612740993,0.5042128562927246,0.6433395147323608,-0.0022885578218847513,0.4913485646247864,0.6028582453727722,-0.013854144141077995,0.5671560764312744,0.7455762028694153,0.010173184797167778,0.5467121005058289,0.664201021194458,0.0049154190346598625,0.5313541889190674,0.6144496202468872,-0.005987842567265034,0.5149877071380615,0.5687986016273499,-0.015585231594741344,0.5995563268661499,0.7476966381072998,0.0010767559288069606,0.5816600322723389,0.67050701379776,-0.006683248560875654,0.5683185458183289,0.6206870675086975,-0.016337193548679352,0.5533084869384766,0.5773165822029114,-0.024725981056690216,0.6372808218002319,0.7619967460632324,-0.010691650211811066,0.6289814114570618,0.700534462928772,-0.017813678830862045,0.6197280287742615,0.6586520671844482,-0.023083725944161415,0.6079781651496887,0.6209102272987366,-0.02834649197757244,HELLO
0,0,0,0,0,0,0,0,0,0,0,0,0,0,0,0,0,0,0,0,0,0,0,0,0,0,0,0,0,0,0,0,0,0,0,0,0,0,0,0,0,0,0,0,0,0,0,0,0,0,0,0,0,0,0,0,0,0,0,0,0,0,0,0.6158246397972107,0.9700714945793152,1.681292616240171e-07,0.554129958152771,0.9397151470184326,-0.013276349753141403,0.5141603946685791,0.8603271842002869,-0.01514258049428463,0.504565417766571,0.7764696478843689,-0.018390020355582237,0.5349687933921814,0.7536768913269043,-0.020732389762997627,0.5367723703384399,0.7611411809921265,0.01534868124872446,0.5188987255096436,0.6860302686691284,0.009365682490170002,0.5042766332626343,0.6428027153015137,-0.0015414331573992968,0.49148863554000854,0.6023342609405518,-0.012902304530143738,0.5673320293426514,0.7458216547966003,0.010386684909462929,0.54686039686203,0.6643607020378113,0.005103317089378834,0.5316541194915771,0.6144119501113892,-0.005838208831846714,0.5155045986175537,0.5688672065734863,-0.015411807224154472,0.5997007489204407,0.7480236887931824,0.001190896495245397,0.5817705988883972,0.6707385778427124,-0.00674787163734436,0.5683676600456238,0.6206391453742981,-0.016592809930443764,0.5533084273338318,0.5770989060401917,-0.025058956816792488,0.6373738646507263,0.7621704936027527,-0.010601346381008625,0.6293134689331055,0.7006427049636841,-0.01793828047811985,0.6200241446495056,0.6587327718734741,-0.02337251976132393,0.6082364320755005,0.620871901512146,-0.02873455360531807,HELLO
0,0,0,0,0,0,0,0,0,0,0,0,0,0,0,0,0,0,0,0,0,0,0,0,0,0,0,0,0,0,0,0,0,0,0,0,0,0,0,0,0,0,0,0,0,0,0,0,0,0,0,0,0,0,0,0,0,0,0,0,0,0,0,0.6151939630508423,0.9695976376533508,1.7241433170056553e-07,0.5537486672401428,0.9390028119087219,-0.013561459258198738,0.5138915777206421,0.8603717684745789,-0.015594781376421452,0.5044819712638855,0.7770110368728638,-0.018907511606812477,0.5344930291175842,0.7539551258087158,-0.02133525162935257,0.5366171598434448,0.7615437507629395,0.014789464883506298,0.5188115835189819,0.6864297389984131,0.008703190833330154,0.5042014718055725,0.6432609558105469,-0.002172797918319702,0.49143773317337036,0.6029266119003296,-0.013401317410171032,0.5672056674957275,0.746182382106781,0.01004328764975071,0.5468219518661499,0.6645979285240173,0.004681881982833147,0.5317109823226929,0.6145902872085571,-0.006225951015949249,0.515725314617157,0.5689657330513,-0.015686994418501854,0.5996088981628418,0.7482358813285828,0.0010710490169003606,0.5817869901657104,0.6708800792694092,-0.0070231081917881966,0.5684160590171814,0.6207537651062012,-0.016994604840874672,0.5535421967506409,0.577254056930542,-0.025440800935029984,0.6371937990188599,0.7622478008270264,-0.010478070937097073,0.6292732954025269,0.7005599737167358,-0.017883900552988052,0.6201031804084778,0.658656895160675,-0.023325689136981964,0.6085637807846069,0.6208779811859131,-0.028616396710276604,HELLO
0,0,0,0,0,0,0,0,0,0,0,0,0,0,0,0,0,0,0,0,0,0,0,0,0,0,0,0,0,0,0,0,0,0,0,0,0,0,0,0,0,0,0,0,0,0,0,0,0,0,0,0,0,0,0,0,0,0,0,0,0,0,0,0.6151006817817688,0.9696942567825317,1.7279054986829578e-07,0.553778350353241,0.9391063451766968,-0.013508794829249382,0.5139233469963074,0.8605030179023743,-0.015527474693953991,0.5046499967575073,0.7772329449653625,-0.018809854984283447,0.5343528389930725,0.7541670203208923,-0.021212467923760414,0.5365519523620605,0.761803150177002,0.014595330692827702,0.5186927914619446,0.6865774393081665,0.008550504222512245,0.5040894746780396,0.6433250904083252,-0.0022511561401188374,0.49128520488739014,0.6029924154281616,-0.013413208536803722,0.5671895146369934,0.7462844252586365,0.009830380789935589,0.5468133091926575,0.6645799279212952,0.004516730085015297,0.5317779183387756,0.6144441962242126,-0.006317086052149534,0.5157816410064697,0.568814754486084,-0.015717262402176857,0.5996015071868896,0.7482412457466125,0.0008711816044524312,0.5817500352859497,0.6708395481109619,-0.007160882465541363,0.5684833526611328,0.6207678914070129,-0.01705947518348694,0.5536355972290039,0.5774555802345276,-0.025461776182055473,0.6371397376060486,0.7621579170227051,-0.010655758902430534,0.6292006969451904,0.7005051374435425,-0.018006717786192894,0.6201577186584473,0.6587126851081848,-0.023362260311841965,0.608731210231781,0.6210971474647522,-0.028582314029335976,HELLO
0,0,0,0,0,0,0,0,0,0,0,0,0,0,0,0,0,0,0,0,0,0,0,0,0,0,0,0,0,0,0,0,0,0,0,0,0,0,0,0,0,0,0,0,0,0,0,0,0,0,0,0,0,0,0,0,0,0,0,0,0,0,0,0.6164161562919617,0.9696268439292908,1.7332992285901128e-07,0.5547268390655518,0.9401917457580566,-0.013740340247750282,0.5143154859542847,0.8614168763160706,-0.015800993889570236,0.5048990249633789,0.7777288556098938,-0.019042592495679855,0.5344820618629456,0.7548180818557739,-0.021362578496336937,0.5366568565368652,0.7614655494689941,0.014424139633774757,0.5187464356422424,0.6860558390617371,0.008516917936503887,0.5043014883995056,0.6429893970489502,-0.0022061611525714397,0.49158215522766113,0.6027191877365112,-0.013330986723303795,0.5672757625579834,0.7458807229995728,0.009784428402781487,0.546735405921936,0.6641114950180054,0.004689285531640053,0.5317286252975464,0.6141137480735779,-0.006064027082175016,0.5158379077911377,0.568615734577179,-0.015426401048898697,0.5997236371040344,0.7478936910629272,0.0009373316424898803,0.5817570686340332,0.6706334352493286,-0.006846636068075895,0.5685375332832336,0.6206048130989075,-0.016766468062996864,0.5538015961647034,0.5771468877792358,-0.02525138482451439,0.637340784072876,0.7619839310646057,-0.010505497455596924,0.629205048084259,0.700412929058075,-0.017718007788062096,0.6200158596038818,0.658904492855072,-0.023039937019348145,0.6085073947906494,0.6214929223060608,-0.02824930101633072,HELLO
0,0,0,0,0,0,0,0,0,0,0,0,0,0,0,0,0,0,0,0,0,0,0,0,0,0,0,0,0,0,0,0,0,0,0,0,0,0,0,0,0,0,0,0,0,0,0,0,0,0,0,0,0,0,0,0,0,0,0,0,0,0,0,0.6172221899032593,0.9702152609825134,1.8116691080649616e-07,0.5551750063896179,0.9404557347297668,-0.013845241628587246,0.5145663022994995,0.8616119623184204,-0.0159403495490551,0.5045104026794434,0.7768509984016418,-0.019276557490229607,0.5350668430328369,0.75423264503479,-0.021644532680511475,0.5365139842033386,0.7613568305969238,0.01513348612934351,0.5187945365905762,0.6858304142951965,0.009284273721277714,0.5045681595802307,0.6426994800567627,-0.0016482112696394324,0.49192899465560913,0.6022490859031677,-0.013033284805715084,0.5671660900115967,0.7457982301712036,0.010471096262335777,0.546625018119812,0.6641515493392944,0.0053637269884347916,0.531491219997406,0.6140135526657104,-0.005640426184982061,0.5152919292449951,0.5683209896087646,-0.015249026007950306,0.5997681021690369,0.7479657530784607,0.0015425296733155847,0.5816472172737122,0.6706529855728149,-0.006207701284438372,0.5683407187461853,0.620667576789856,-0.0160454660654068,0.5535627007484436,0.577218234539032,-0.024468930438160896,0.6378306150436401,0.7620633244514465,-0.010033953003585339,0.629259467124939,0.7000924348831177,-0.01722603477537632,0.6200180649757385,0.6581830382347107,-0.02254379168152809,0.6085590124130249,0.6203221082687378,-0.02775454893708229,HELLO
0,0,0,0,0,0,0,0,0,0,0,0,0,0,0,0,0,0,0,0,0,0,0,0,0,0,0,0,0,0,0,0,0,0,0,0,0,0,0,0,0,0,0,0,0,0,0,0,0,0,0,0,0,0,0,0,0,0,0,0,0,0,0,0.617559015750885,0.9705013036727905,1.7870745239179087e-07,0.5554870963096619,0.9407224655151367,-0.01348757091909647,0.5147338509559631,0.8615713715553284,-0.015296285971999168,0.5042123794555664,0.7766245007514954,-0.018452709540724754,0.5346035361289978,0.754719614982605,-0.02067394182085991,0.5363925099372864,0.7613300681114197,0.015802519395947456,0.518780529499054,0.6858646869659424,0.010049793869256973,0.5043516159057617,0.6427717804908752,-0.0009292676113545895,0.4912775754928589,0.6025954484939575,-0.012372996658086777,0.5671912431716919,0.7455417513847351,0.010948739014565945,0.5469409823417664,0.6639009118080139,0.005958135239779949,0.5316530466079712,0.6137763261795044,-0.005123586859554052,0.5150743722915649,0.5683987140655518,-0.014824938029050827,0.5998014211654663,0.747555673122406,0.0018301426898688078,0.5818548798561096,0.6703912019729614,-0.005642692092806101,0.5684388279914856,0.6204752326011658,-0.015421619638800621,0.553372323513031,0.5772141814231873,-0.02388002909719944,0.6377904415130615,0.76155686378479,-0.009948099963366985,0.6290472745895386,0.6995369791984558,-0.016822529956698418,0.6197080612182617,0.657830536365509,-0.021991347894072533,0.6080862879753113,0.620355486869812,-0.0271667018532753,HELLO
0,0,0,0,0,0,0,0,0,0,0,0,0,0,0,0,0,0,0,0,0,0,0,0,0,0,0,0,0,0,0,0,0,0,0,0,0,0,0,0,0,0,0,0,0,0,0,0,0,0,0,0,0,0,0,0,0,0,0,0,0,0,0,0.6170755624771118,0.9703258872032166,1.7369889349083678e-07,0.555543065071106,0.9404131174087524,-0.013498391024768353,0.5150591135025024,0.8614281415939331,-0.015543315559625626,0.5046228170394897,0.7770568132400513,-0.01891077123582363,0.5349677205085754,0.7544128894805908,-0.021365489810705185,0.5366051197052002,0.7609730958938599,0.015141052193939686,0.5189166069030762,0.6853894591331482,0.008995342068374157,0.5041935443878174,0.6422611474990845,-0.0021790482569485903,0.4908443093299866,0.6020662784576416,-0.013673636130988598,0.5672683119773865,0.7453551292419434,0.01023219246417284,0.5470265746116638,0.6638540029525757,0.004974241368472576,0.5315735340118408,0.613770067691803,-0.00619959132745862,0.5147257447242737,0.5683104991912842,-0.015922989696264267,0.5998814702033997,0.7473413944244385,0.0010963381500914693,0.5820639729499817,0.6702562570571899,-0.006635027471929789,0.5685902833938599,0.6202199459075928,-0.01656283251941204,0.5533571243286133,0.5769332647323608,-0.025086577981710434,0.6377490758895874,0.7614738941192627,-0.010667872615158558,0.6292198300361633,0.6996860504150391,-0.017726335674524307,0.6197822690010071,0.6578619480133057,-0.02297552116215229,0.6080805063247681,0.6202852725982666,-0.028172705322504044,HELLO
0,0,0,0,0,0,0,0,0,0,0,0,0,0,0,0,0,0,0,0,0,0,0,0,0,0,0,0,0,0,0,0,0,0,0,0,0,0,0,0,0,0,0,0,0,0,0,0,0,0,0,0,0,0,0,0,0,0,0,0,0,0,0,0.6172707676887512,0.9701656699180603,1.7419942821561563e-07,0.5552861094474792,0.9403839111328125,-0.01364488061517477,0.5146289467811584,0.8613971471786499,-0.015764469280838966,0.5043763518333435,0.7766285538673401,-0.019200369715690613,0.5353349447250366,0.7543062567710876,-0.021707259118556976,0.5366266965866089,0.7605429887771606,0.015009257011115551,0.5189778804779053,0.6848293542861938,0.008788242936134338,0.5045696496963501,0.6416348218917847,-0.002431476255878806,0.4916200041770935,0.6013634204864502,-0.014007573947310448,0.5673034191131592,0.745208203792572,0.010178898461163044,0.5470405220985413,0.6637322902679443,0.0047427280806005,0.53175950050354,0.6138973832130432,-0.006503266282379627,0.5151269435882568,0.568650484085083,-0.016280824318528175,0.5998140573501587,0.7473942041397095,0.0010905846720561385,0.5819939374923706,0.6704504489898682,-0.006822056602686644,0.5684536099433899,0.6203661561012268,-0.01687738299369812,0.5531522631645203,0.5770938396453857,-0.02546640858054161,0.637704074382782,0.7616610527038574,-0.010639526881277561,0.6291286945343018,0.6997509002685547,-0.017924116924405098,0.6195958256721497,0.657935380935669,-0.023440157994627953,0.607711911201477,0.6204534769058228,-0.02882571518421173,HELLO
0,0,0,0,0,0,0,0,0,0,0,0,0,0,0,0,0,0,0,0,0,0,0,0,0,0,0,0,0,0,0,0,0,0,0,0,0,0,0,0,0,0,0,0,0,0,0,0,0,0,0,0,0,0,0,0,0,0,0,0,0,0,0,0.6170729994773865,0.9701796770095825,1.7194577139889589e-07,0.5553298592567444,0.9403783679008484,-0.01364254578948021,0.5148285627365112,0.8613208532333374,-0.015857934951782227,0.5046460032463074,0.7769168615341187,-0.019415520131587982,0.5352758765220642,0.7542957067489624,-0.022113511338829994,0.5368509888648987,0.7609450817108154,0.014522201381623745,0.519062876701355,0.685326337814331,0.00803120993077755,0.5043485164642334,0.6421533823013306,-0.003252366790547967,0.4910435080528259,0.6019861698150635,-0.014772754162549973,0.567502498626709,0.7456421256065369,0.009569749236106873,0.5471362471580505,0.6641018390655518,0.0038420006167143583,0.5315432548522949,0.6140056848526001,-0.007498265244066715,0.5146560072898865,0.5687128305435181,-0.017246464267373085,0.6001148819923401,0.7477068901062012,0.0003876520786434412,0.582173764705658,0.6705536842346191,-0.007819468155503273,0.5685201287269592,0.6202447414398193,-0.018036605790257454,0.5530731081962585,0.5768064260482788,-0.02664603292942047,0.6378157138824463,0.7618284225463867,-0.011407502926886082,0.6293015480041504,0.6998109817504883,-0.018877726048231125,0.6197133660316467,0.6577235460281372,-0.024439305067062378,0.6077848076820374,0.6200524568557739,-0.029799362644553185,HELLO
0,0,0,0,0,0,0,0,0,0,0,0,0,0,0,0,0,0,0,0,0,0,0,0,0,0,0,0,0,0,0,0,0,0,0,0,0,0,0,0,0,0,0,0,0,0,0,0,0,0,0,0,0,0,0,0,0,0,0,0,0,0,0,0.616918683052063,0.9702901244163513,1.7154255260720674e-07,0.5551435947418213,0.940414547920227,-0.013576087541878223,0.514654815196991,0.8611729741096497,-0.015624362044036388,0.5046733021736145,0.7767464518547058,-0.01897932030260563,0.5354024767875671,0.7538254261016846,-0.021417811512947083,0.5370883345603943,0.7606882452964783,0.015050298534333706,0.5194722414016724,0.6851896047592163,0.0088576041162014,0.5050019025802612,0.6421616077423096,-0.0023061945103108883,0.49198710918426514,0.6020708680152893,-0.013774138875305653,0.5676311254501343,0.7454831600189209,0.010221634991466999,0.5473771691322327,0.6640545725822449,0.0048615518026053905,0.5319617986679077,0.6142722368240356,-0.006237516645342112,0.5152555704116821,0.5690694451332092,-0.015857523307204247,0.6000630855560303,0.7477213740348816,0.0011361440410837531,0.5822519063949585,0.6706875562667847,-0.006749683991074562,0.5688058137893677,0.6205742955207825,-0.016674326732754707,0.5537134408950806,0.5772857666015625,-0.025149403139948845,0.637877881526947,0.7620384693145752,-0.010581140406429768,0.6293831467628479,0.7000684142112732,-0.017763260751962662,0.6200396418571472,0.6581729054450989,-0.02308633178472519,0.6084530353546143,0.6204620003700256,-0.028323693200945854,HELLO
0,0,0,0,0,0,0,0,0,0,0,0,0,0,0,0,0,0,0,0,0,0,0,0,0,0,0,0,0,0,0,0,0,0,0,0,0,0,0,0,0,0,0,0,0,0,0,0,0,0,0,0,0,0,0,0,0,0,0,0,0,0,0,0.6174811720848083,0.9700913429260254,1.7147151254448545e-07,0.5557225942611694,0.9409174919128418,-0.014081141911447048,0.5150173902511597,0.8614152669906616,-0.016227837651968002,0.5049112439155579,0.7767458558082581,-0.019575923681259155,0.5351371169090271,0.754368007183075,-0.022012442350387573,0.5376085638999939,0.7609332799911499,0.014481441117823124,0.5197151303291321,0.6855334639549255,0.008319329470396042,0.50517338514328,0.6426151990890503,-0.002765667624771595,0.4921618402004242,0.60251384973526,-0.014166980981826782,0.5681775808334351,0.7456527352333069,0.009865536354482174,0.5476391911506653,0.6643012166023254,0.004515386186540127,0.5321911573410034,0.6142370700836182,-0.006584261544048786,0.5156651139259338,0.5687745809555054,-0.016205662861466408,0.6006394624710083,0.7478829622268677,0.0009631881257519126,0.5826563239097595,0.6710459589958191,-0.007018027361482382,0.5691719651222229,0.6206690073013306,-0.01719791628420353,0.5541066527366638,0.5771300196647644,-0.025830386206507683,0.6382898092269897,0.7621064186096191,-0.010597015731036663,0.6296404600143433,0.700195848941803,-0.017926979809999466,0.6201953291893005,0.6583124399185181,-0.023441066965460777,0.6086201071739197,0.6206699013710022,-0.028803307563066483,HELLO
0,0,0,0,0,0,0,0,0,0,0,0,0,0,0,0,0,0,0,0,0,0,0,0,0,0,0,0,0,0,0,0,0,0,0,0,0,0,0,0,0,0,0,0,0,0,0,0,0,0,0,0,0,0,0,0,0,0,0,0,0,0,0,0.6176630854606628,0.9701924324035645,1.7348219216728467e-07,0.5557859539985657,0.9412689805030823,-0.01384818647056818,0.5146704912185669,0.8616130948066711,-0.01573302410542965,0.5046128034591675,0.7765854597091675,-0.01883837580680847,0.5351701974868774,0.7551318407058716,-0.021040506660938263,0.5375375747680664,0.7609740495681763,0.014834434725344181,0.519569993019104,0.6856470108032227,0.009008083492517471,0.5051605105400085,0.6425996422767639,-0.0018825219012796879,0.4923408031463623,0.6024718284606934,-0.01323969941586256,0.5681220293045044,0.7455539107322693,0.010162868537008762,0.5475224256515503,0.6642267107963562,0.005012393929064274,0.532224714756012,0.6140435338020325,-0.0060318345203995705,0.5159175992012024,0.5685737133026123,-0.01565980166196823,0.6005151867866516,0.7478287220001221,0.0012328014709055424,0.5825464129447937,0.6709995865821838,-0.006550298072397709,0.5691666603088379,0.6206818222999573,-0.016646502539515495,0.5542275905609131,0.5771725177764893,-0.025278247892856598,0.6382501721382141,0.7621200084686279,-0.010348682291805744,0.629528820514679,0.7002167105674744,-0.017559858039021492,0.620161235332489,0.6584733724594116,-0.02305332012474537,0.6086718440055847,0.6209459900856018,-0.028445212170481682,HELLO
0,0,0,0,0,0,0,0,0,0,0,0,0,0,0,0,0,0,0,0,0,0,0,0,0,0,0,0,0,0,0,0,0,0,0,0,0,0,0,0,0,0,0,0,0,0,0,0,0,0,0,0,0,0,0,0,0,0,0,0,0,0,0,0.6176527738571167,0.9702306985855103,1.7144675723557157e-07,0.555921733379364,0.9410486221313477,-0.013902499340474606,0.5151134729385376,0.8614783883094788,-0.015928860753774643,0.504905641078949,0.7767477035522461,-0.019196337088942528,0.5349531769752502,0.754679799079895,-0.021565821021795273,0.5375340580940247,0.7611860036849976,0.014873970299959183,0.5196900367736816,0.6859241724014282,0.008903796784579754,0.5050772428512573,0.6431466341018677,-0.0020639158319681883,0.49197185039520264,0.6031705737113953,-0.013413765467703342,0.5681090950965881,0.7457900047302246,0.010151823982596397,0.547558605670929,0.664491593837738,0.0049271914176642895,0.532043993473053,0.6144417524337769,-0.006151431705802679,0.5154383778572083,0.5689948797225952,-0.015766140073537827,0.6006203293800354,0.7479541301727295,0.0011447696015238762,0.5826627016067505,0.6711064577102661,-0.006784448865801096,0.5691627264022827,0.62070631980896,-0.017035530880093575,0.5540505647659302,0.5770606994628906,-0.025728914886713028,0.6382784843444824,0.7620747089385986,-0.010498865507543087,0.629605770111084,0.7002100348472595,-0.01780305802822113,0.620171070098877,0.6583439111709595,-0.023336702957749367,0.608607292175293,0.6206730604171753,-0.02873099036514759,HELLO
0,0,0,0,0,0,0,0,0,0,0,0,0,0,0,0,0,0,0,0,0,0,0,0,0,0,0,0,0,0,0,0,0,0,0,0,0,0,0,0,0,0,0,0,0,0,0,0,0,0,0,0,0,0,0,0,0,0,0,0,0,0,0,0.6223213076591492,0.9674694538116455,1.527635618003842e-07,0.5600133538246155,0.9422607421875,-0.014602850191295147,0.5146483778953552,0.8681550025939941,-0.016574887558817863,0.5014104843139648,0.7895916104316711,-0.019872751086950302,0.5270563364028931,0.7582756280899048,-0.022201452404260635,0.5326948165893555,0.7695766091346741,0.015473110601305962,0.5054961442947388,0.6999913454055786,0.008579756133258343,0.48866546154022217,0.6582027673721313,-0.0018651221180334687,0.4764471650123596,0.6189481616020203,-0.011992670595645905,0.5647074580192566,0.7496776580810547,0.011171595193445683,0.5408957600593567,0.6702713966369629,0.005024644546210766,0.5244130492210388,0.621738076210022,-0.0060982657596468925,0.5099706053733826,0.5777790546417236,-0.015126081183552742,0.599281370639801,0.7476817965507507,0.0022104675881564617,0.5809378623962402,0.6722502112388611,-0.006933380849659443,0.5669040679931641,0.6215506196022034,-0.018008466809988022,0.5530058741569519,0.5773627758026123,-0.026654986664652824,0.637579083442688,0.7582274675369263,-0.009272145107388496,0.6286187171936035,0.6972754001617432,-0.016945915296673775,0.6186668872833252,0.6570116877555847,-0.02249305509030819,0.6073142290115356,0.6206505298614502,-0.027568979188799858,HELLO
0,0,0,0,0,0,0,0,0,0,0,0,0,0,0,0,0,0,0,0,0,0,0,0,0,0,0,0,0,0,0,0,0,0,0,0,0,0,0,0,0,0,0,0,0,0,0,0,0,0,0,0,0,0,0,0,0,0,0,0,0,0,0,0.6116287708282471,0.9671733379364014,2.2793264520259982e-07,0.5589788556098938,0.9263478517532349,-0.012152587063610554,0.5211457014083862,0.8520633578300476,-0.01708615943789482,0.5075008869171143,0.7823753952980042,-0.023605220019817352,0.527999758720398,0.7465785145759583,-0.029644781723618507,0.5507431030273438,0.741036057472229,0.007153727114200592,0.5350713133811951,0.6633661985397339,-0.003592335619032383,0.5225425958633423,0.6168869733810425,-0.01645447313785553,0.5131334662437439,0.5786895751953125,-0.027146773412823677,0.5841529965400696,0.7328388094902039,0.0013920417986810207,0.5734706521034241,0.6483847498893738,-0.006924247834831476,0.5625096559524536,0.599585235118866,-0.018115997314453125,0.5515429377555847,0.561972975730896,-0.026695534586906433,0.61883544921875,0.7391769289970398,-0.007886301726102829,0.6132470965385437,0.6593190431594849,-0.016704579815268517,0.6059456467628479,0.6123553514480591,-0.023059725761413574,0.5955792665481567,0.5773904919624329,-0.02801388129591942,0.6551620364189148,0.7603760361671448,-0.019493356347084045,0.6578789949417114,0.6962112188339233,-0.026046637445688248,0.6527956128120422,0.6572549939155579,-0.027651386335492134,0.6427271962165833,0.626291811466217,-0.02902386151254177,HELLO
0,0,0,0,0,0,0,0,0,0,0,0,0,0,0,0,0,0,0,0,0,0,0,0,0,0,0,0,0,0,0,0,0,0,0,0,0,0,0,0,0,0,0,0,0,0,0,0,0,0,0,0,0,0,0,0,0,0,0,0,0,0,0,0.6124349236488342,0.9654162526130676,1.1977054725775815e-07,0.5571115612983704,0.9239233136177063,-0.01253556553274393,0.5183928608894348,0.8502084016799927,-0.017246471717953682,0.5078133940696716,0.779708743095398,-0.023699672892689705,0.5264968872070312,0.7428415417671204,-0.029087867587804794,0.5475630760192871,0.7444574236869812,0.012037890963256359,0.5304794907569885,0.6698412299156189,0.0017318329773843288,0.5164226293563843,0.6251387596130371,-0.01107291504740715,0.5053802132606506,0.5880117416381836,-0.02193720079958439,0.5815050005912781,0.7333976030349731,0.006096973549574614,0.5682751536369324,0.6496248245239258,-0.0027143103070557117,0.5559617280960083,0.6002660989761353,-0.014716744422912598,0.5442371964454651,0.5609740614891052,-0.023898325860500336,0.6172493100166321,0.7387146949768066,-0.003948771394789219,0.6080156564712524,0.657142162322998,-0.014067226089537144,0.5994781851768494,0.6085563898086548,-0.022578826174139977,0.5885305404663086,0.5702134370803833,-0.02906363271176815,0.6551793217658997,0.7587344646453857,-0.016261950135231018,0.6560039520263672,0.695914089679718,-0.0244750939309597,0.6495741605758667,0.6558648347854614,-0.02803513966500759,0.6394484043121338,0.6220261454582214,-0.030895501375198364,HELLO
0,0,0,0,0,0,0,0,0,0,0,0,0,0,0,0,0,0,0,0,0,0,0,0,0,0,0,0,0,0,0,0,0,0,0,0,0,0,0,0,0,0,0,0,0,0,0,0,0,0,0,0,0,0,0,0,0,0,0,0,0,0,0,0.6160017251968384,0.957973837852478,3.3479085459475755e-07,0.5665799379348755,0.900416374206543,-0.016337808221578598,0.5384710431098938,0.8146249055862427,-0.024067288264632225,0.531880259513855,0.7463303804397583,-0.03265122324228287,0.5542271137237549,0.709487795829773,-0.04105110093951225,0.6020421981811523,0.7193078398704529,-0.0031695824582129717,0.6113892197608948,0.6397875547409058,-0.01868889480829239,0.6150299310684204,0.5908702611923218,-0.03448353707790375,0.6190376281738281,0.5461456179618835,-0.04756028205156326,0.635801374912262,0.7232655882835388,-0.010012912563979626,0.6491824388504028,0.6363998055458069,-0.02297040820121765,0.6539106965065002,0.5791617035865784,-0.03716734051704407,0.6554926633834839,0.5265048146247864,-0.04884261637926102,0.6644255518913269,0.7448530793190002,-0.02074602246284485,0.6845108270645142,0.6660469174385071,-0.03541272506117821,0.6929891109466553,0.6124095916748047,-0.04567018151283264,0.694130539894104,0.5642437934875488,-0.053719162940979004,0.6887810826301575,0.7822591662406921,-0.03385449945926666,0.711546778678894,0.7240543365478516,-0.04601482301950455,0.7177809476852417,0.6825675964355469,-0.05104806274175644,0.7160532474517822,0.6435385346412659,-0.055632077157497406,HELLO
0,0,0,0,0,0,0,0,0,0,0,0,0,0,0,0,0,0,0,0,0,0,0,0,0,0,0,0,0,0,0,0,0,0,0,0,0,0,0,0,0,0,0,0,0,0,0,0,0,0,0,0,0,0,0,0,0,0,0,0,0,0,0,0.6128700971603394,0.9525991082191467,2.417941686871927e-07,0.5665091872215271,0.8965733051300049,-0.014619650319218636,0.5420072674751282,0.8133400082588196,-0.023085685446858406,0.5358407497406006,0.7469782829284668,-0.03255639225244522,0.5531337857246399,0.7149611115455627,-0.04169461503624916,0.6008449196815491,0.7198004126548767,-0.0016723263543099165,0.6115939617156982,0.6409852504730225,-0.017522308975458145,0.614976167678833,0.5907434821128845,-0.03414156660437584,0.6190332174301147,0.5460346937179565,-0.04765300825238228,0.6351699233055115,0.7239972352981567,-0.009039750322699547,0.6492109298706055,0.6357212662696838,-0.02195391245186329,0.654689610004425,0.5777400732040405,-0.036386240273714066,0.6577982306480408,0.5255337953567505,-0.04808074235916138,0.664695143699646,0.7452902793884277,-0.020067013800144196,0.6835484504699707,0.6626476049423218,-0.032738372683525085,0.6928132772445679,0.6081849336624146,-0.04295536130666733,0.6959173679351807,0.5583600997924805,-0.05159023404121399,0.6903294324874878,0.7823185920715332,-0.03338414058089256,0.70902019739151,0.7230769395828247,-0.04475662112236023,0.714552640914917,0.6797463297843933,-0.05012635886669159,0.714141309261322,0.6377384662628174,-0.05478566512465477,HELLO
0,0,0,0,0,0,0,0,0,0,0,0,0,0,0,0,0,0,0,0,0,0,0,0,0,0,0,0,0,0,0,0,0,0,0,0,0,0,0,0,0,0,0,0,0,0,0,0,0,0,0,0,0,0,0,0,0,0,0,0,0,0,0,0.6211385130882263,0.9546185731887817,2.4357191819035506e-07,0.5723643898963928,0.903826892375946,-0.014190435409545898,0.5428796410560608,0.8222523331642151,-0.021891100332140923,0.531479001045227,0.7541821002960205,-0.030408546328544617,0.5498875975608826,0.7179858684539795,-0.038358401507139206,0.5988591909408569,0.7248840928077698,-0.0011802224908024073,0.6057853698730469,0.640880286693573,-0.0158716831356287,0.6086146235466003,0.5893527269363403,-0.030799610540270805,0.6136093735694885,0.5450885891914368,-0.04281603917479515,0.6347988843917847,0.7265679836273193,-0.008052890188992023,0.6473433971405029,0.6338763236999512,-0.019029440358281136,0.6543745398521423,0.5738691091537476,-0.03173515200614929,0.659597635269165,0.5226181745529175,-0.042062900960445404,0.6668305397033691,0.7462636232376099,-0.01860753260552883,0.6846148371696472,0.6618623733520508,-0.02992558293044567,0.6958550810813904,0.6059174537658691,-0.03960273042321205,0.7022650241851807,0.5557538270950317,-0.04782480373978615,0.6947760581970215,0.781853199005127,-0.0313095822930336,0.7138066291809082,0.7209377288818359,-0.04220172017812729,0.7224756479263306,0.6780819892883301,-0.04725024476647377,0.727328896522522,0.6363701820373535,-0.05143582448363304,HELLO
0,0,0,0,0,0,0,0,0,0,0,0,0,0,0,0,0,0,0,0,0,0,0,0,0,0,0,0,0,0,0,0,0,0,0,0,0,0,0,0,0,0,0,0,0,0,0,0,0,0,0,0,0,0,0,0,0,0,0,0,0,0,0,0.6252250671386719,0.9669463634490967,1.6265586566532875e-07,0.5744401216506958,0.9229549765586853,-0.01763220876455307,0.5382065176963806,0.8436962366104126,-0.025261199101805687,0.5245957374572754,0.7774928212165833,-0.033055879175662994,0.5336132049560547,0.7376334071159363,-0.039958976209163666,0.5812720060348511,0.7294049859046936,-0.0011163079179823399,0.5773114562034607,0.6486175060272217,-0.015510124154388905,0.5752140879631042,0.599015474319458,-0.03083120286464691,0.5747714638710022,0.5578786730766296,-0.042968396097421646,0.6188603043556213,0.7260151505470276,-0.0061600226908922195,0.6199400424957275,0.6363590359687805,-0.018193131312727928,0.61857008934021,0.5816813707351685,-0.032155971974134445,0.6166728734970093,0.5374064445495605,-0.04280202090740204,0.6539154052734375,0.7403393983840942,-0.015294251963496208,0.6631852388381958,0.6576933860778809,-0.02828434854745865,0.6667798161506653,0.6045876741409302,-0.03935641795396805,0.6672627925872803,0.5602208375930786,-0.047661192715168,0.6856738328933716,0.7716084122657776,-0.026833776384592056,0.696247398853302,0.7077078819274902,-0.0384567566215992,0.6981271505355835,0.6652539968490601,-0.0438823476433754,0.6969491839408875,0.6267831325531006,-0.047833532094955444,HELLO
0,0,0,0,0,0,0,0,0,0,0,0,0,0,0,0,0,0,0,0,0,0,0,0,0,0,0,0,0,0,0,0,0,0,0,0,0,0,0,0,0,0,0,0,0,0,0,0,0,0,0,0,0,0,0,0,0,0,0,0,0,0,0,0.6242046356201172,0.9676579236984253,1.957908750682691e-07,0.5746020078659058,0.9237964153289795,-0.01727338321506977,0.5385760068893433,0.8471982479095459,-0.02569149062037468,0.5249999165534973,0.7795255184173584,-0.03458911180496216,0.5381877422332764,0.7371999025344849,-0.04266868531703949,0.5794302225112915,0.7342287302017212,-0.0004376812430564314,0.5733551979064941,0.6530945301055908,-0.01606055535376072,0.5692776441574097,0.6036748886108398,-0.03242555260658264,0.5683947205543518,0.5614120960235596,-0.045352037996053696,0.615401029586792,0.7285201549530029,-0.006309113930910826,0.6138643622398376,0.6379374265670776,-0.019317032769322395,0.6119987964630127,0.5824493765830994,-0.034145087003707886,0.610846757888794,0.5350801944732666,-0.045456260442733765,0.6499993205070496,0.7406319379806519,-0.01628965325653553,0.6590796113014221,0.6554223895072937,-0.030452299863100052,0.665308952331543,0.601788341999054,-0.04122103750705719,0.6682673096656799,0.5562518835067749,-0.04926048219203949,0.6826145648956299,0.7707936763763428,-0.028638847172260284,0.6933362483978271,0.7077197432518005,-0.04057447239756584,0.6962064504623413,0.6659113764762878,-0.045237746089696884,0.6952508687973022,0.6274536848068237,-0.04877080023288727,HELLO
0,0,0,0,0,0,0,0,0,0,0,0,0,0,0,0,0,0,0,0,0,0,0,0,0,0,0,0,0,0,0,0,0,0,0,0,0,0,0,0,0,0,0,0,0,0,0,0,0,0,0,0,0,0,0,0,0,0,0,0,0,0,0,0.6207840442657471,0.975117564201355,5.85623389781631e-08,0.5620867013931274,0.9386882185935974,-0.01784028299152851,0.5145957469940186,0.8731541037559509,-0.026244886219501495,0.49341320991516113,0.8060739636421204,-0.03550904989242554,0.5036002993583679,0.7564287781715393,-0.043129000812768936,0.5366794466972351,0.7637894749641418,0.004861986730247736,0.5084587335586548,0.6856778860092163,-0.00876963883638382,0.4913593530654907,0.639128565788269,-0.023206602782011032,0.4796193540096283,0.5998236536979675,-0.03490255028009415,0.5714457035064697,0.7472682595252991,0.0007372561958618462,0.5491892099380493,0.6574260592460632,-0.010713756084442139,0.5339013934135437,0.6063560247421265,-0.023987937718629837,0.5214122533798218,0.5649666786193848,-0.03433525934815407,0.6088061928749084,0.749644935131073,-0.008085529319941998,0.594866156578064,0.6645011901855469,-0.020517073571681976,0.5832951664924622,0.6150034666061401,-0.03059985674917698,0.5712265372276306,0.5738093852996826,-0.03826763480901718,0.648943305015564,0.7677112221717834,-0.019491922110319138,0.6465148329734802,0.7042228579521179,-0.03074728325009346,0.6384704113006592,0.6629000902175903,-0.03663579747080803,0.628092885017395,0.6255414485931396,-0.04088759049773216,HELLO
0,0,0,0,0,0,0,0,0,0,0,0,0,0,0,0,0,0,0,0,0,0,0,0,0,0,0,0,0,0,0,0,0,0,0,0,0,0,0,0,0,0,0,0,0,0,0,0,0,0,0,0,0,0,0,0,0,0,0,0,0,0,0,0.6115574836730957,0.9726396203041077,2.0613957474324707e-07,0.5592719316482544,0.9260514378547668,-0.014262313023209572,0.5221211314201355,0.8508667349815369,-0.02130425162613392,0.5047099590301514,0.7857466340065002,-0.0294929351657629,0.5117819309234619,0.7380436658859253,-0.03718498721718788,0.5626242160797119,0.7386552095413208,0.0026493689510971308,0.555265486240387,0.6600311994552612,-0.011463460512459278,0.548564612865448,0.6131952404975891,-0.0267883762717247,0.54359370470047,0.5725051760673523,-0.0388762466609478,0.5962896943092346,0.7343859672546387,-0.003529587760567665,0.5945642590522766,0.6471328735351562,-0.013843332417309284,0.5900349617004395,0.5966896414756775,-0.025679362937808037,0.5843424797058105,0.5546754598617554,-0.03509531170129776,0.6287373304367065,0.7455172538757324,-0.013623111881315708,0.6306859850883484,0.6651779413223267,-0.023830199614167213,0.6280205845832825,0.6171196103096008,-0.029069742187857628,0.6209627389907837,0.5768795609474182,-0.033563803881406784,0.6614860892295837,0.7723617553710938,-0.026357576251029968,0.6681934595108032,0.7075392603874207,-0.034591495990753174,0.6646943092346191,0.6667662262916565,-0.03584562987089157,0.6550846695899963,0.6327059864997864,-0.036907728761434555,HELLO
0,0,0,0,0,0,0,0,0,0,0,0,0,0,0,0,0,0,0,0,0,0,0,0,0,0,0,0,0,0,0,0,0,0,0,0,0,0,0,0,0,0,0,0,0,0,0,0,0,0,0,0,0,0,0,0,0,0,0,0,0,0,0,0.6143912672996521,0.9632338881492615,2.6742608838503656e-07,0.5628191232681274,0.9078954458236694,-0.015891756862401962,0.5319479703903198,0.8295503258705139,-0.022539006546139717,0.5170813798904419,0.7636906504631042,-0.029954027384519577,0.5261923670768738,0.7164902687072754,-0.036610838025808334,0.5857365131378174,0.729296088218689,0.004409844055771828,0.5903002023696899,0.6487057209014893,-0.008953627198934555,0.590935468673706,0.6005749702453613,-0.024167345836758614,0.5920482277870178,0.5574483275413513,-0.03627735376358032,0.621176540851593,0.7292577028274536,-0.0004963059327565134,0.6325710415840149,0.6405982375144958,-0.008685425855219364,0.63567715883255,0.5858675241470337,-0.020647939294576645,0.6363416910171509,0.5386507511138916,-0.030894046649336815,0.6516860127449036,0.7452565431594849,-0.00976903922855854,0.6684291362762451,0.6658949851989746,-0.018363140523433685,0.6734465956687927,0.6141337156295776,-0.02548939362168312,0.6722859740257263,0.5702435374259949,-0.032105933874845505,0.6790027022361755,0.7773178815841675,-0.021800151094794273,0.6953157186508179,0.7192681431770325,-0.0293232761323452,0.6968289613723755,0.6811524629592896,-0.031561076641082764,0.6912865042686462,0.6480898261070251,-0.03389889374375343,HELLO
0,0,0,0,0,0,0,0,0,0,0,0,0,0,0,0,0,0,0,0,0,0,0,0,0,0,0,0,0,0,0,0,0,0,0,0,0,0,0,0,0,0,0,0,0,0,0,0,0,0,0,0,0,0,0,0,0,0,0,0,0,0,0,0.6148044466972351,0.9631468057632446,1.9450364163731138e-07,0.5646451711654663,0.9115837812423706,-0.014598706737160683,0.5336893200874329,0.8324029445648193,-0.02090325392782688,0.5201582312583923,0.7679101228713989,-0.027940306812524796,0.5233135223388672,0.7202969789505005,-0.034212201833724976,0.5877368450164795,0.7312856316566467,0.0023459061048924923,0.5917997360229492,0.6523318886756897,-0.011632129549980164,0.5915459990501404,0.6030423641204834,-0.02727217972278595,0.5922263264656067,0.5595570206642151,-0.03977930173277855,0.6228635311126709,0.7297662496566772,-0.003878196934238076,0.6322944760322571,0.6421085000038147,-0.013460902497172356,0.635695219039917,0.585557222366333,-0.0260909590870142,0.6366831064224243,0.5364287495613098,-0.0366806760430336,0.6529042720794678,0.7453207969665527,-0.014221757650375366,0.666936457157135,0.6649170517921448,-0.023721901699900627,0.6718054413795471,0.613013505935669,-0.03255283832550049,0.6708673238754272,0.5669981241226196,-0.04054603353142738,0.6793976426124573,0.777118444442749,-0.02714640088379383,0.692923367023468,0.7194955945014954,-0.036708712577819824,0.693492591381073,0.6789936423301697,-0.04147268459200859,0.6879944801330566,0.6417794823646545,-0.0455884113907814,HELLO
0,0,0,0,0,0,0,0,0,0,0,0,0,0,0,0,0,0,0,0,0,0,0,0,0,0,0,0,0,0,0,0,0,0,0,0,0,0,0,0,0,0,0,0,0,0,0,0,0,0,0,0,0,0,0,0,0,0,0,0,0,0,0,0.6150494813919067,0.9625810384750366,2.0348305440620607e-07,0.5647050738334656,0.9113113880157471,-0.014720492996275425,0.5335600972175598,0.8321104049682617,-0.021129470318555832,0.5200744271278381,0.7674598693847656,-0.028269043192267418,0.5226550698280334,0.7199843525886536,-0.03466300293803215,0.5872786045074463,0.7316578030586243,0.0021809679456055164,0.5910916328430176,0.6520464420318604,-0.011737252585589886,0.5908461213111877,0.6025844216346741,-0.027195392176508904,0.5917094945907593,0.5590377449989319,-0.03957981988787651,0.6225160956382751,0.7301948666572571,-0.0040214769542217255,0.6320198178291321,0.6418009400367737,-0.013822508044540882,0.635857105255127,0.5851406455039978,-0.026658689603209496,0.6376849412918091,0.5362638235092163,-0.0373341403901577,0.6526838541030884,0.7458791732788086,-0.01431544404476881,0.6662214398384094,0.6650673151016235,-0.024146772921085358,0.6710358262062073,0.6128807663917542,-0.03345302492380142,0.6705883145332336,0.566748857498169,-0.041731011122465134,0.6796629428863525,0.7777301669120789,-0.027128277346491814,0.6928497552871704,0.719580888748169,-0.03708600997924805,0.6933300495147705,0.6786766648292542,-0.04224658012390137,0.6880888938903809,0.6408440470695496,-0.04662548378109932,HELLO
0,0,0,0,0,0,0,0,0,0,0,0,0,0,0,0,0,0,0,0,0,0,0,0,0,0,0,0,0,0,0,0,0,0,0,0,0,0,0,0,0,0,0,0,0,0,0,0,0,0,0,0,0,0,0,0,0,0,0,0,0,0,0,0.6292961835861206,0.9759899377822876,3.118772795573932e-08,0.5727371573448181,0.9352030754089355,-0.018330540508031845,0.5293270349502563,0.8639931678771973,-0.02638222649693489,0.5091320872306824,0.8000295758247375,-0.03483173996210098,0.5093593597412109,0.7487668991088867,-0.04165416955947876,0.5589790344238281,0.7562350630760193,0.0022195170167833567,0.5389118194580078,0.6785205006599426,-0.013243409804999828,0.5273354053497314,0.6311162114143372,-0.029741626232862473,0.5197328925132751,0.5905649662017822,-0.0425802581012249,0.5943605303764343,0.7422112822532654,-0.0018930138321593404,0.5787966251373291,0.6565159559249878,-0.014054522849619389,0.5694319009780884,0.6043164730072021,-0.028081316500902176,0.5620360970497131,0.5593976378440857,-0.03905085101723671,0.630997896194458,0.7468509674072266,-0.01062022615224123,0.6248162388801575,0.6648089289665222,-0.023403188213706017,0.6208073496818542,0.6140127778053284,-0.033526789397001266,0.6149182915687561,0.569828987121582,-0.04117618128657341,0.6690164804458618,0.7680273056030273,-0.021991847082972527,0.6710684299468994,0.7056441307067871,-0.03300626575946808,0.6681072115898132,0.6650801301002502,-0.037717174738645554,0.6625069379806519,0.6285645365715027,-0.041037704795598984,HELLO
0,0,0,0,0,0,0,0,0,0,0,0,0,0,0,0,0,0,0,0,0,0,0,0,0,0,0,0,0,0,0,0,0,0,0,0,0,0,0,0,0,0,0,0,0,0,0,0,0,0,0,0,0,0,0,0,0,0,0,0,0,0,0,0.6319897770881653,0.9753093123435974,1.1181137438143196e-07,0.5719795227050781,0.9453601837158203,-0.017363451421260834,0.5260342955589294,0.8810165524482727,-0.02383165806531906,0.5008882284164429,0.8172948360443115,-0.030735623091459274,0.49642670154571533,0.7658222913742065,-0.03634437546133995,0.5486222505569458,0.7699576616287231,0.005426767747849226,0.5170315504074097,0.6974164843559265,-0.008060687221586704,0.4979464113712311,0.6543842554092407,-0.022701814770698547,0.48412448167800903,0.6148679852485657,-0.03441961482167244,0.5837205648422241,0.7515507340431213,0.0008803521632216871,0.5600258708000183,0.6654007434844971,-0.009249080903828144,0.5447545051574707,0.6126208305358887,-0.02254081703722477,0.5312280058860779,0.5678737163543701,-0.03301721066236496,0.6205285787582397,0.7532623410224915,-0.008326697163283825,0.6066613793373108,0.6749895811080933,-0.020226292312145233,0.59645676612854,0.6232259273529053,-0.030393939465284348,0.584768533706665,0.5773006081581116,-0.03826362267136574,0.6599850058555603,0.7706891298294067,-0.020050469785928726,0.6559699773788452,0.7082091569900513,-0.03053787723183632,0.6500978469848633,0.6671483516693115,-0.03529630973935127,0.6421827673912048,0.6284583210945129,-0.03902210295200348,HELLO
0,0,0,0,0,0,0,0,0,0,0,0,0,0,0,0,0,0,0,0,0,0,0,0,0,0,0,0,0,0,0,0,0,0,0,0,0,0,0,0,0,0,0,0,0,0,0,0,0,0,0,0,0,0,0,0,0,0,0,0,0,0,0,0.6233137249946594,0.9729523658752441,1.9338820322900574e-07,0.5661078095436096,0.9347693920135498,-0.017014283686876297,0.52358078956604,0.8675240278244019,-0.02449050173163414,0.5008571147918701,0.8026746511459351,-0.03228806331753731,0.5047917366027832,0.7498443126678467,-0.03888080641627312,0.5507269501686096,0.760900616645813,0.0025482464116066694,0.5259618163108826,0.6858730316162109,-0.011247968301177025,0.5085076689720154,0.6439648270606995,-0.025516850873827934,0.4950750470161438,0.6051901578903198,-0.03676179051399231,0.5867770314216614,0.7477434873580933,-0.0024662583600729704,0.5684467554092407,0.6609213948249817,-0.013138449750840664,0.5554825663566589,0.6076287627220154,-0.026359545066952705,0.5442676544189453,0.5608030557632446,-0.0365091934800148,0.6233217716217041,0.7533860206604004,-0.011744310148060322,0.6146975159645081,0.671558141708374,-0.024323824793100357,0.6074603796005249,0.6206886172294617,-0.03387288376688957,0.5975810885429382,0.5751834511756897,-0.04104175418615341,0.6611562967300415,0.774206280708313,-0.023336337879300117,0.662492036819458,0.711187481880188,-0.034589286893606186,0.6582942008972168,0.6705158352851868,-0.038851846009492874,0.650335967540741,0.6322824954986572,-0.04183601588010788,HELLO
0,0,0,0,0,0,0,0,0,0,0,0,0,0,0,0,0,0,0,0,0,0,0,0,0,0,0,0,0,0,0,0,0,0,0,0,0,0,0,0,0,0,0,0,0,0,0,0,0,0,0,0,0,0,0,0,0,0,0,0,0,0,0,0.6233859658241272,0.9731720685958862,1.4512993118387385e-07,0.5651981830596924,0.9361484050750732,-0.015064962208271027,0.5224679708480835,0.8685497045516968,-0.0212898887693882,0.5027093887329102,0.8037953972816467,-0.028148343786597252,0.5034838914871216,0.7538105845451355,-0.03383446857333183,0.5507595539093018,0.7605024576187134,0.00432659313082695,0.524931013584137,0.6861401796340942,-0.008718402124941349,0.5073877573013306,0.6427858471870422,-0.022700898349285126,0.4941861927509308,0.603119969367981,-0.033896591514348984,0.5869470238685608,0.7467725276947021,-0.0015763655537739396,0.5682106018066406,0.6605662107467651,-0.011696194298565388,0.5563544034957886,0.6071555018424988,-0.02467571385204792,0.5462075471878052,0.5602985620498657,-0.034778155386447906,0.6235194802284241,0.7522234320640564,-0.011599034070968628,0.6143941283226013,0.6701864004135132,-0.023539084941148758,0.6077770590782166,0.6190640330314636,-0.03321632742881775,0.5983051061630249,0.5734675526618958,-0.04064473509788513,0.6618638634681702,0.772881805896759,-0.023827113211154938,0.6627534627914429,0.7097121477127075,-0.03480280935764313,0.6579000353813171,0.6689059734344482,-0.03931378200650215,0.6494102478027344,0.6311467885971069,-0.0425577387213707,HELLO
0,0,0,0,0,0,0,0,0,0,0,0,0,0,0,0,0,0,0,0,0,0,0,0,0,0,0,0,0,0,0,0,0,0,0,0,0,0,0,0,0,0,0,0,0,0,0,0,0,0,0,0,0,0,0,0,0,0,0,0,0,0,0,0.6229338049888611,0.9729230403900146,1.3792157460557064e-07,0.5648828744888306,0.9364182353019714,-0.014621620066463947,0.5222370028495789,0.8685051798820496,-0.02047065645456314,0.5032423734664917,0.804263710975647,-0.027039848268032074,0.5033136606216431,0.7553153038024902,-0.032476864755153656,0.5507127642631531,0.7601739168167114,0.004318730905652046,0.5246727466583252,0.6852642297744751,-0.008519487455487251,0.5071724653244019,0.6415939331054688,-0.02214255928993225,0.49400365352630615,0.6021286249160767,-0.033064574003219604,0.5867881178855896,0.7466028332710266,-0.001876883557997644,0.5673198699951172,0.6601830720901489,-0.012073620222508907,0.555171012878418,0.6064485311508179,-0.024967683479189873,0.5449357032775879,0.5595792531967163,-0.03497665002942085,0.6233231425285339,0.752135157585144,-0.01213742233812809,0.6142821907997131,0.6697171330451965,-0.024223266169428825,0.6076953411102295,0.6185780167579651,-0.034034792333841324,0.5982853174209595,0.5731906890869141,-0.041537050157785416,0.6617149114608765,0.7728152275085449,-0.024551544338464737,0.6622009873390198,0.7097834348678589,-0.035743214190006256,0.6567904949188232,0.6689618229866028,-0.040406160056591034,0.6475902199745178,0.6313637495040894,-0.04375751316547394,HELLO
0,0,0,0,0,0,0,0,0,0,0,0,0,0,0,0,0,0,0,0,0,0,0,0,0,0,0,0,0,0,0,0,0,0,0,0,0,0,0,0,0,0,0,0,0,0,0,0,0,0,0,0,0,0,0,0,0,0,0,0,0,0,0,0.6206805109977722,0.9675122499465942,3.0471753120764333e-07,0.5653764009475708,0.9193800091743469,-0.018085313960909843,0.5324137210845947,0.8406211137771606,-0.024705633521080017,0.5145764350891113,0.77553790807724,-0.031802285462617874,0.5141947269439697,0.7230576872825623,-0.03818128630518913,0.5811609029769897,0.7401384115219116,0.0021746333222836256,0.578844428062439,0.6585041880607605,-0.0113113634288311,0.5769023895263672,0.6103177070617676,-0.026004832237958908,0.5764989852905273,0.5650030970573425,-0.0380362905561924,0.6175698041915894,0.7352383136749268,-0.0027184265200048685,0.6194117665290833,0.6448279619216919,-0.012947768904268742,0.618694543838501,0.586587131023407,-0.02712642401456833,0.6172518134117126,0.5345851182937622,-0.03894761949777603,0.6499855518341064,0.7491745948791504,-0.012001064606010914,0.6609825491905212,0.6667592525482178,-0.024279393255710602,0.6638645529747009,0.6126030087471008,-0.03424455597996712,0.6613730192184448,0.5645096302032471,-0.042371660470962524,0.6804344058036804,0.7788878679275513,-0.023834869265556335,0.6922959089279175,0.7166424989700317,-0.03519544377923012,0.6922696232795715,0.6744610071182251,-0.03996315971016884,0.6866987347602844,0.6354106664657593,-0.04399518668651581,HELLO
0,0,0,0,0,0,0,0,0,0,0,0,0,0,0,0,0,0,0,0,0,0,0,0,0,0,0,0,0,0,0,0,0,0,0,0,0,0,0,0,0,0,0,0,0,0,0,0,0,0,0,0,0,0,0,0,0,0,0,0,0,0,0,0.631313145160675,0.974770188331604,1.6216155529491516e-07,0.5763211250305176,0.930444598197937,-0.01685200072824955,0.5365106463432312,0.8549402356147766,-0.024678576737642288,0.5147980451583862,0.7911567687988281,-0.03270883113145828,0.5125491619110107,0.7372915148735046,-0.03925647214055061,0.5782949328422546,0.7449942827224731,0.0005840789526700974,0.5684763789176941,0.6627014875411987,-0.014267656952142715,0.5630090832710266,0.6146631240844727,-0.02993631735444069,0.5611634254455566,0.5719218254089355,-0.042274028062820435,0.6130698323249817,0.7388483881950378,-0.004479908384382725,0.6056665778160095,0.6492639780044556,-0.015964854508638382,0.6024221777915955,0.5941980481147766,-0.02959165908396244,0.6003952026367188,0.5444230437278748,-0.04022597894072533,0.647707462310791,0.7498878240585327,-0.013826917856931686,0.6500628590583801,0.6634292602539062,-0.026710432022809982,0.6522311568260193,0.6095960140228271,-0.03669508919119835,0.6518649458885193,0.5603920817375183,-0.044266972690820694,0.6826844811439514,0.7779840230941772,-0.025528529658913612,0.6896362900733948,0.71280437707901,-0.03793756663799286,0.6894736886024475,0.6692875623703003,-0.0433577261865139,0.6860905885696411,0.6278181672096252,-0.04703548550605774,HELLO
0,0,0,0,0,0,0,0,0,0,0,0,0,0,0,0,0,0,0,0,0,0,0,0,0,0,0,0,0,0,0,0,0,0,0,0,0,0,0,0,0,0,0,0,0,0,0,0,0,0,0,0,0,0,0,0,0,0,0,0,0,0,0,0.6326060891151428,0.9743235111236572,2.091839661488848e-07,0.5770046710968018,0.9311829209327698,-0.017194870859384537,0.5378292798995972,0.8582004308700562,-0.02512304112315178,0.5151993036270142,0.7943354249000549,-0.033409483730793,0.5119566917419434,0.7389670610427856,-0.04023883119225502,0.5783861875534058,0.7469322681427002,0.0022260714322328568,0.5682744979858398,0.6649646162986755,-0.013324640691280365,0.5629859566688538,0.6159766912460327,-0.029839204624295235,0.5621448159217834,0.5722087621688843,-0.04246648773550987,0.6126770377159119,0.7399303317070007,-0.0028044525533914566,0.6039461493492126,0.6508389711380005,-0.01438808161765337,0.6003869771957397,0.5943470001220703,-0.028082456439733505,0.5980474352836609,0.5440537929534912,-0.0387546680867672,0.6473236680030823,0.7496234774589539,-0.012432966381311417,0.6508872509002686,0.6640117168426514,-0.02546783536672592,0.6537896394729614,0.6082403659820557,-0.035121507942676544,0.6535041928291321,0.557819664478302,-0.04241843894124031,0.6826000213623047,0.7760714292526245,-0.024557657539844513,0.6903757452964783,0.7110557556152344,-0.036766279488801956,0.6907378435134888,0.6678771376609802,-0.04160146042704582,0.6871727705001831,0.6266309022903442,-0.04489077255129814,HELLO
0,0,0,0,0,0,0,0,0,0,0,0,0,0,0,0,0,0,0,0,0,0,0,0,0,0,0,0,0,0,0,0,0,0,0,0,0,0,0,0,0,0,0,0,0,0,0,0,0,0,0,0,0,0,0,0,0,0,0,0,0,0,0,0.6375623941421509,0.9778862595558167,1.1220353712815267e-07,0.5807521343231201,0.9440793991088867,-0.0225189421325922,0.5337857007980347,0.8777953386306763,-0.032717250287532806,0.5074954628944397,0.8107446432113647,-0.04235661402344704,0.5041536688804626,0.7520200610160828,-0.05014378949999809,0.5535773038864136,0.7636220455169678,-0.0010836772853508592,0.5307914018630981,0.6856581568717957,-0.017157534137368202,0.5179474949836731,0.6396796107292175,-0.03382203355431557,0.5101783871650696,0.6001268625259399,-0.046600453555583954,0.5892366170883179,0.7475799322128296,-0.0032969824969768524,0.5687920451164246,0.66234290599823,-0.01593487709760666,0.5557140707969666,0.612174391746521,-0.030726611614227295,0.5439518094062805,0.5696355104446411,-0.042075201869010925,0.6274008750915527,0.7494784593582153,-0.010330290533602238,0.6183711290359497,0.6677544713020325,-0.02374475635588169,0.6115055680274963,0.6174701452255249,-0.03423989564180374,0.6025156378746033,0.5744099617004395,-0.04206141456961632,0.6674206256866455,0.7679696083068848,-0.020210392773151398,0.6657616496086121,0.7050696611404419,-0.03214129060506821,0.6611775159835815,0.6645604372024536,-0.03750598803162575,0.6542131900787354,0.6285982728004456,-0.04108105227351189,HELLO
0,0,0,0,0,0,0,0,0,0,0,0,0,0,0,0,0,0,0,0,0,0,0,0,0,0,0,0,0,0,0,0,0,0,0,0,0,0,0,0,0,0,0,0,0,0,0,0,0,0,0,0,0,0,0,0,0,0,0,0,0,0,0,0.6297047138214111,0.9794663786888123,1.1714517711425287e-07,0.570321798324585,0.9465819001197815,-0.014758529141545296,0.5247877836227417,0.879787802696228,-0.01910337433218956,0.5008552670478821,0.8184014558792114,-0.02397378720343113,0.48867112398147583,0.7669512629508972,-0.027736293151974678,0.5513755679130554,0.768717348575592,0.005326225887984037,0.5238558053970337,0.6937262415885925,-0.006898249965161085,0.5067636966705322,0.6507374048233032,-0.020223984494805336,0.4935479164123535,0.612122654914856,-0.030774187296628952,0.5852994918823242,0.7535826563835144,-0.0001463745575165376,0.5619664192199707,0.6682831048965454,-0.009709044359624386,0.547807514667511,0.6177353858947754,-0.022134674713015556,0.5353766083717346,0.5738957524299622,-0.03167303651571274,0.6210324168205261,0.756098747253418,-0.009759067557752132,0.6067811250686646,0.6750978827476501,-0.020898668095469475,0.5970089435577393,0.6255896091461182,-0.02950873225927353,0.5850988626480103,0.5814080238342285,-0.03614683076739311,0.6597383618354797,0.7735202312469482,-0.021693892776966095,0.6555235981941223,0.709809422492981,-0.031901296228170395,0.6484439373016357,0.6687884330749512,-0.03578197583556175,0.6393811106681824,0.6305367350578308,-0.03851106017827988,HELLO
0,0,0,0,0,0,0,0,0,0,0,0,0,0,0,0,0,0,0,0,0,0,0,0,0,0,0,0,0,0,0,0,0,0,0,0,0,0,0,0,0,0,0,0,0,0,0,0,0,0,0,0,0,0,0,0,0,0,0,0,0,0,0,0.6185770630836487,0.9750241041183472,1.7012351349876553e-07,0.5654088854789734,0.9284382462501526,-0.013120939023792744,0.5286376476287842,0.8534359335899353,-0.01864558458328247,0.5062738060951233,0.7930144667625427,-0.025381216779351234,0.4975489675998688,0.7415881752967834,-0.031148426234722137,0.5716323852539062,0.744844913482666,0.007047954015433788,0.5613548159599304,0.6687472462654114,-0.005448615178465843,0.5526254177093506,0.625088632106781,-0.020422430709004402,0.5462818741798401,0.5860942006111145,-0.03234696760773659,0.6032065749168396,0.739891529083252,0.0010056416504085064,0.5940189361572266,0.6539749503135681,-0.007950636558234692,0.5853037238121033,0.6033146977424622,-0.020719638094305992,0.5763921737670898,0.5596394538879395,-0.03108290396630764,0.6346278786659241,0.7495880722999573,-0.009028997272253036,0.6321584582328796,0.6662058234214783,-0.018786398693919182,0.6262466907501221,0.6158053874969482,-0.025825094431638718,0.6164741516113281,0.5723487734794617,-0.031875770539045334,0.6677564382553101,0.7750976085662842,-0.02143910713493824,0.6723810434341431,0.7098121047019958,-0.030770186334848404,0.6676002144813538,0.6687933206558228,-0.03367443010210991,0.657191276550293,0.632849931716919,-0.0358327254652977,HELLO
0,0,0,0,0,0,0,0,0,0,0,0,0,0,0,0,0,0,0,0,0,0,0,0,0,0,0,0,0,0,0,0,0,0,0,0,0,0,0,0,0,0,0,0,0,0,0,0,0,0,0,0,0,0,0,0,0,0,0,0,0,0,0,0.6253300309181213,0.9699491262435913,1.665273856588101e-07,0.5683013200759888,0.9262462854385376,-0.0157778300344944,0.5314667224884033,0.8446617126464844,-0.019846050068736076,0.5120663046836853,0.7761135101318359,-0.024592839181423187,0.5008087158203125,0.722477912902832,-0.028229884803295135,0.5816583633422852,0.7441359758377075,0.007448489312082529,0.576343297958374,0.6661069393157959,-0.0033688724506646395,0.5712883472442627,0.6193320751190186,-0.01706209033727646,0.568035364151001,0.5760424733161926,-0.0287777092307806,0.6161013245582581,0.737704336643219,0.0024028276093304157,0.6133636832237244,0.6507707238197327,-0.005824648775160313,0.6093659996986389,0.5948151350021362,-0.018723031505942345,0.6041427254676819,0.5456353425979614,-0.029833780601620674,0.6478357911109924,0.748444676399231,-0.007227148395031691,0.6517374515533447,0.6668838262557983,-0.01706051081418991,0.6494641900062561,0.6136502623558044,-0.02732803300023079,0.6426066160202026,0.5652654767036438,-0.036295317113399506,0.6792421340942383,0.773598313331604,-0.0194901991635561,0.686203122138977,0.7115089297294617,-0.030558103695511818,0.6830548644065857,0.6683052778244019,-0.037429388612508774,0.6753221750259399,0.6272132992744446,-0.043055035173892975,HELLO
0,0,0,0,0,0,0,0,0,0,0,0,0,0,0,0,0,0,0,0,0,0,0,0,0,0,0,0,0,0,0,0,0,0,0,0,0,0,0,0,0,0,0,0,0,0,0,0,0,0,0,0,0,0,0,0,0,0,0,0,0,0,0,0.6284995079040527,0.9722052216529846,1.063330046235933e-07,0.5733626484870911,0.930534303188324,-0.013452502898871899,0.5316195487976074,0.854968786239624,-0.018130717799067497,0.5088420510292053,0.7930764555931091,-0.023748554289340973,0.49807414412498474,0.7398899793624878,-0.028045693412423134,0.5761712789535522,0.745231032371521,0.008210900239646435,0.5638018846511841,0.6689205765724182,-0.0035852259024977684,0.5566416382789612,0.6248800754547119,-0.018051987513899803,0.5528131723403931,0.5852686762809753,-0.029821766540408134,0.6092041730880737,0.738265872001648,0.002202827949076891,0.5990038514137268,0.6534923315048218,-0.006403025705367327,0.5937168598175049,0.6021462678909302,-0.01918303407728672,0.5897457599639893,0.5558159351348877,-0.02965732477605343,0.6424412131309509,0.7474566698074341,-0.008138083852827549,0.6418735980987549,0.6644829511642456,-0.018684247508645058,0.6405208110809326,0.6134458780288696,-0.02806321159005165,0.6366095542907715,0.5668650269508362,-0.03564070165157318,0.6770573258399963,0.7727628350257874,-0.020734522491693497,0.6805254220962524,0.7087107300758362,-0.03142455220222473,0.6771210432052612,0.6668117046356201,-0.03637256845831871,0.6702868938446045,0.6269657611846924,-0.04005049914121628,HELLO
0,0,0,0,0,0,0,0,0,0,0,0,0,0,0,0,0,0,0,0,0,0,0,0,0,0,0,0,0,0,0,0,0,0,0,0,0,0,0,0,0,0,0,0,0,0,0,0,0,0,0,0,0,0,0,0,0,0,0,0,0,0,0,0.6356995105743408,0.9810527563095093,4.5728757669394327e-08,0.5730050802230835,0.9513025879859924,-0.015919722616672516,0.5240110158920288,0.8850888609886169,-0.019296467304229736,0.4956634044647217,0.8221631050109863,-0.023585382848978043,0.4761805534362793,0.7687191367149353,-0.026408879086375237,0.5463588237762451,0.778403103351593,0.013075590133666992,0.5137131810188293,0.7078471183776855,0.0023207126650959253,0.49498826265335083,0.6649445295333862,-0.011582528240978718,0.48083582520484924,0.625005841255188,-0.022970661520957947,0.5810242295265198,0.7573402523994446,0.00871211662888527,0.5554025173187256,0.6752541065216064,0.0016372157260775566,0.5401155352592468,0.6230042576789856,-0.011038566939532757,0.5267038941383362,0.579182505607605,-0.02163844183087349,0.6176006197929382,0.7568870782852173,-0.0007198971579782665,0.6025383472442627,0.6809477806091309,-0.009769816882908344,0.5915597677230835,0.6322457790374756,-0.01970433071255684,0.5788078308105469,0.5892649292945862,-0.027825212106108665,0.657020628452301,0.7706019282341003,-0.012808764353394508,0.6517635583877563,0.7102543115615845,-0.021190816536545753,0.6446998119354248,0.6706517338752747,-0.025716835632920265,0.636406421661377,0.6336079835891724,-0.029485248029232025,HELLO
0,0,0,0,0,0,0,0,0,0,0,0,0,0,0,0,0,0,0,0,0,0,0,0,0,0,0,0,0,0,0,0,0,0,0,0,0,0,0,0,0,0,0,0,0,0,0,0,0,0,0,0,0,0,0,0,0,0,0,0,0,0,0,0.6267251372337341,0.9790288805961609,1.5211979587093083e-07,0.5685645937919617,0.9434993267059326,-0.01277764979749918,0.5251268148422241,0.8745822310447693,-0.0167514868080616,0.5000655055046082,0.813364565372467,-0.02171582542359829,0.48092201352119446,0.7640225291252136,-0.02586565725505352,0.5568830370903015,0.7633121609687805,0.006930132862180471,0.5340726375579834,0.6898609399795532,-0.005596409551799297,0.5178351402282715,0.6487153768539429,-0.019890543073415756,0.5047167539596558,0.6112198829650879,-0.031051313504576683,0.5904231071472168,0.7523354887962341,0.0003159636980853975,0.5710785984992981,0.6670466661453247,-0.009098339825868607,0.5574232339859009,0.615885853767395,-0.022140996530652046,0.5454106330871582,0.5713961720466614,-0.032420847564935684,0.62492835521698,0.7581273913383484,-0.010313793085515499,0.6150708198547363,0.6758226752281189,-0.02136913500726223,0.6061338186264038,0.6261230111122131,-0.029986007139086723,0.5949066877365112,0.5827776193618774,-0.03685053065419197,0.662013828754425,0.7788537740707397,-0.023080911487340927,0.6627165079116821,0.7140299677848816,-0.03353751450777054,0.6575796008110046,0.6725828647613525,-0.03720322251319885,0.6487105488777161,0.6344702839851379,-0.03980063647031784,HELLO
0,0,0,0,0,0,0,0,0,0,0,0,0,0,0,0,0,0,0,0,0,0,0,0,0,0,0,0,0,0,0,0,0,0,0,0,0,0,0,0,0,0,0,0,0,0,0,0,0,0,0,0,0,0,0,0,0,0,0,0,0,0,0,0.6220126152038574,0.9739460349082947,1.6257388324447675e-07,0.5685514807701111,0.9306968450546265,-0.012879439629614353,0.5316754579544067,0.8529048562049866,-0.01633581891655922,0.5106104612350464,0.7901907563209534,-0.020921586081385612,0.4929189085960388,0.7407526969909668,-0.02461889572441578,0.5741068124771118,0.7480101585388184,0.009202144108712673,0.5614565014839172,0.6735564470291138,-0.0016133711906149983,0.5519461631774902,0.6301814317703247,-0.01522123720496893,0.5448400378227234,0.5908867120742798,-0.026304220780730247,0.6064107418060303,0.741256058216095,0.0030048214830458164,0.597201406955719,0.6554965972900391,-0.004820913542062044,0.5887914299964905,0.6030054092407227,-0.017129501327872276,0.5805744528770447,0.5581735372543335,-0.027237914502620697,0.638155996799469,0.7507797479629517,-0.007346251513808966,0.636616587638855,0.667786717414856,-0.016766076907515526,0.6315070390701294,0.6160807609558105,-0.024692730978131294,0.6228517889976501,0.5706970691680908,-0.031504951417446136,0.6712707281112671,0.775506854057312,-0.020039834082126617,0.6767691373825073,0.7116767168045044,-0.02939694933593273,0.6737105846405029,0.6699396967887878,-0.032892003655433655,0.6661142110824585,0.6319000720977783,-0.0357014462351799,HELLO
0,0,0,0,0,0,0,0,0,0,0,0,0,0,0,0,0,0,0,0,0,0,0,0,0,0,0,0,0,0,0,0,0,0,0,0,0,0,0,0,0,0,0,0,0,0,0,0,0,0,0,0,0,0,0,0,0,0,0,0,0,0,0,0.6200154423713684,0.9734433889389038,9.046640769838632e-08,0.5682380795478821,0.9302129745483398,-0.012431205250322819,0.5318958759307861,0.8534337878227234,-0.01666305959224701,0.5112927556037903,0.7908794283866882,-0.022168297320604324,0.4925433397293091,0.7411505579948425,-0.02699633687734604,0.5764563083648682,0.7458320260047913,0.008702686987817287,0.5643324851989746,0.6727409958839417,-0.0033484429586678743,0.554100513458252,0.6302258968353271,-0.018547862768173218,0.5460804104804993,0.5911648273468018,-0.03086269646883011,0.6087663173675537,0.7399051189422607,0.001712549477815628,0.60067218542099,0.6550673246383667,-0.006974112708121538,0.5930237770080566,0.6031012535095215,-0.02049524523317814,0.5858588218688965,0.5574396848678589,-0.03184446692466736,0.6399192214012146,0.7505881190299988,-0.0094283577054739,0.6415165662765503,0.6699429154396057,-0.01953502558171749,0.6376802921295166,0.6190347671508789,-0.029437197372317314,0.6300836801528931,0.573478102684021,-0.03785794973373413,0.6714880466461182,0.7769693732261658,-0.022810418158769608,0.6769165396690369,0.7137611508369446,-0.03288112208247185,0.6734511852264404,0.6728278398513794,-0.03788240626454353,0.665201723575592,0.6345155835151672,-0.042022399604320526,HELLO
0,0,0,0,0,0,0,0,0,0,0,0,0,0,0,0,0,0,0,0,0,0,0,0,0,0,0,0,0,0,0,0,0,0,0,0,0,0,0,0,0,0,0,0,0,0,0,0,0,0,0,0,0,0,0,0,0,0,0,0,0,0,0,0.6211831569671631,0.9748803973197937,9.602970152400303e-08,0.5690098404884338,0.9313431978225708,-0.012943620793521404,0.5323106646537781,0.8539645671844482,-0.017620323225855827,0.5117273926734924,0.7909043431282043,-0.023461734876036644,0.49163496494293213,0.7408648729324341,-0.028504015877842903,0.5755457282066345,0.745968222618103,0.00841559935361147,0.5629101395606995,0.6724681258201599,-0.0036811940371990204,0.5532421469688416,0.6300798654556274,-0.018853425979614258,0.5461366772651672,0.5909593105316162,-0.031147774308919907,0.6079548001289368,0.7401703596115112,0.001684727263636887,0.598930299282074,0.6563567519187927,-0.007278793957084417,0.5919001698493958,0.6043999195098877,-0.02102159708738327,0.5855149030685425,0.5581430792808533,-0.03245549649000168,0.6394633054733276,0.7509263753890991,-0.009260070510208607,0.6402062773704529,0.6711657643318176,-0.019832072779536247,0.6364681124687195,0.6206544041633606,-0.029922686517238617,0.6290348768234253,0.5747093558311462,-0.038302551954984665,0.6716485619544983,0.7772976756095886,-0.02244054339826107,0.6768561601638794,0.7140701413154602,-0.03290972486138344,0.6740201115608215,0.6730473041534424,-0.03804679214954376,0.6666284203529358,0.6339319944381714,-0.04216071218252182,HELLO
0,0,0,0,0,0,0,0,0,0,0,0,0,0,0,0,0,0,0,0,0,0,0,0,0,0,0,0,0,0,0,0,0,0,0,0,0,0,0,0,0,0,0,0,0,0,0,0,0,0,0,0,0,0,0,0,0,0,0,0,0,0,0,0.6210625767707825,0.9747294187545776,9.244661214324879e-08,0.5688458681106567,0.9307880401611328,-0.011895331554114819,0.5320634841918945,0.8533006906509399,-0.015893613919615746,0.5110997557640076,0.7907429933547974,-0.021292075514793396,0.4917842447757721,0.7414351105690002,-0.026015236973762512,0.5765613317489624,0.7465733885765076,0.009631793014705181,0.5638402700424194,0.673281192779541,-0.0021385462023317814,0.5537382960319519,0.6305332183837891,-0.01718507893383503,0.5462002754211426,0.5913006663322449,-0.029394056648015976,0.6088665127754211,0.7405737042427063,0.002427536528557539,0.6001129746437073,0.6560105085372925,-0.006128143519163132,0.5926228165626526,0.6037657260894775,-0.01972600631415844,0.5857827663421631,0.5574978590011597,-0.03108358383178711,0.6401240825653076,0.7510038018226624,-0.008895689621567726,0.6412056088447571,0.6705077886581421,-0.01891765557229519,0.6372689604759216,0.619770884513855,-0.028742089867591858,0.6296660900115967,0.5741187334060669,-0.037037771195173264,0.6717649698257446,0.7771364450454712,-0.02241390384733677,0.6771924495697021,0.7137266993522644,-0.03231466934084892,0.6742492318153381,0.672491192817688,-0.037060704082250595,0.6667646765708923,0.6335326433181763,-0.040969137102365494,HELLO
0,0,0,0,0,0,0,0,0,0,0,0,0,0,0,0,0,0,0,0,0,0,0,0,0,0,0,0,0,0,0,0,0,0,0,0,0,0,0,0,0,0,0,0,0,0,0,0,0,0,0,0,0,0,0,0,0,0,0,0,0,0,0,0.6345926523208618,0.9821898341178894,1.4497596012574832e-08,0.5721958875656128,0.9538675546646118,-0.019104348495602608,0.5235384702682495,0.8886116147041321,-0.02474946156144142,0.49433279037475586,0.8247506618499756,-0.030676109716296196,0.4724188446998596,0.770431399345398,-0.03514086827635765,0.5456013679504395,0.7823519110679626,0.0077597033232450485,0.5156558752059937,0.7124513983726501,-0.004761953372508287,0.4992992877960205,0.670264720916748,-0.019900692626833916,0.486919105052948,0.6308878660202026,-0.03205842897295952,0.5799461007118225,0.7619106769561768,0.004879580810666084,0.5544155836105347,0.6819614171981812,-0.004022912587970495,0.53850919008255,0.6309361457824707,-0.017783433198928833,0.5244185328483582,0.5866977572441101,-0.029149968177080154,0.6161999106407166,0.7609389424324036,-0.0030834819190204144,0.5997547507286072,0.6856458187103271,-0.013838098384439945,0.5882084369659424,0.6370771527290344,-0.024629192426800728,0.5751692652702332,0.5939843058586121,-0.033021651208400726,0.6553851366043091,0.7742974162101746,-0.01383273210376501,0.6493135690689087,0.7133512496948242,-0.023276424035429955,0.6415363550186157,0.6747903823852539,-0.028318986296653748,0.6321591734886169,0.639670729637146,-0.03232380375266075,HELLO
0,0,0,0,0,0,0,0,0,0,0,0,0,0,0,0,0,0,0,0,0,0,0,0,0,0,0,0,0,0,0,0,0,0,0,0,0,0,0,0,0,0,0,0,0,0,0,0,0,0,0,0,0,0,0,0,0,0,0,0,0,0,0,0.6240689754486084,0.9807990193367004,1.494744594765507e-07,0.5667172074317932,0.9413327574729919,-0.013495882973074913,0.525384247303009,0.870158851146698,-0.0177859328687191,0.5007539987564087,0.8103375434875488,-0.022976601496338844,0.48272213339805603,0.7623006701469421,-0.027288813143968582,0.5614541172981262,0.762456476688385,0.007434233091771603,0.5433929562568665,0.6901942491531372,-0.005070065148174763,0.5298734903335571,0.6472821831703186,-0.020198635756969452,0.5189085602760315,0.6092604398727417,-0.031926751136779785,0.5934786200523376,0.7527159452438354,0.002045093569904566,0.5773469805717468,0.6707308292388916,-0.006363195367157459,0.5654737949371338,0.6222143173217773,-0.01882769726216793,0.5540686845779419,0.5801552534103394,-0.02882448211312294,0.6261416673660278,0.7580127716064453,-0.007345275953412056,0.615818977355957,0.6784852147102356,-0.01657472737133503,0.6072270274162292,0.632227897644043,-0.022679528221488,0.5963203310966492,0.592197835445404,-0.02786656841635704,0.6621065735816956,0.7782642841339111,-0.019193824380636215,0.6607874631881714,0.7145480513572693,-0.027558397501707077,0.6548555493354797,0.6751705408096313,-0.02909669652581215,0.6454097628593445,0.6402971744537354,-0.03011217899620533,HELLO
0,0,0,0,0,0,0,0,0,0,0,0,0,0,0,0,0,0,0,0,0,0,0,0,0,0,0,0,0,0,0,0,0,0,0,0,0,0,0,0,0,0,0,0,0,0,0,0,0,0,0,0,0,0,0,0,0,0,0,0,0,0,0,0.6209474802017212,0.9808671474456787,7.497605736261903e-08,0.5652417540550232,0.941834032535553,-0.012840521521866322,0.5249565839767456,0.8711187243461609,-0.018052490428090096,0.5021845698356628,0.8094141483306885,-0.024495147168636322,0.4831872880458832,0.7597567439079285,-0.0299392007291317,0.562176525592804,0.7623264789581299,0.008309688419103622,0.5441946983337402,0.6894903182983398,-0.005257246550172567,0.5295413136482239,0.6488134264945984,-0.02114865742623806,0.5173351764678955,0.6120409369468689,-0.03330663591623306,0.5936036109924316,0.7532469630241394,0.001986550632864237,0.5776046514511108,0.6709598302841187,-0.00811335165053606,0.565667986869812,0.6229543685913086,-0.021864498034119606,0.5547451972961426,0.5803250670433044,-0.03243555873632431,0.6264438629150391,0.7591968774795532,-0.00832605455070734,0.6155705451965332,0.6792564392089844,-0.0188783910125494,0.6066613793373108,0.6311701536178589,-0.026357240974903107,0.5960237979888916,0.5880976915359497,-0.03219221532344818,0.6625948548316956,0.78065425157547,-0.02092951536178589,0.6589354276657104,0.7157366871833801,-0.030284646898508072,0.6520374417304993,0.6746629476547241,-0.03263562172651291,0.6427417993545532,0.6366161108016968,-0.03398660942912102,HELLO
0,0,0,0,0,0,0,0,0,0,0,0,0,0,0,0,0,0,0,0,0,0,0,0,0,0,0,0,0,0,0,0,0,0,0,0,0,0,0,0,0,0,0,0,0,0,0,0,0,0,0,0,0,0,0,0,0,0,0,0,0,0,0,0.6219198107719421,0.9808856844902039,6.788567219473407e-08,0.5657460689544678,0.942381739616394,-0.012725155800580978,0.5248363614082336,0.8712605237960815,-0.017598029226064682,0.5025007128715515,0.8100651502609253,-0.023628823459148407,0.4830625057220459,0.7614439725875854,-0.028664544224739075,0.5618336200714111,0.762939453125,0.00796517264097929,0.5431016087532043,0.6896607279777527,-0.0051792459562420845,0.5283430814743042,0.6490667462348938,-0.020634248852729797,0.5161084532737732,0.6125699877738953,-0.032435476779937744,0.5936477184295654,0.7541144490242004,0.0017866306006908417,0.5775054097175598,0.6715238690376282,-0.007765418384224176,0.5656101703643799,0.6235733032226562,-0.021145939826965332,0.5549541711807251,0.5812895894050598,-0.03146631643176079,0.6269232630729675,0.7604246139526367,-0.008349424228072166,0.6158372759819031,0.680151104927063,-0.018371274694800377,0.6066697239875793,0.6322584748268127,-0.025991031900048256,0.5959561467170715,0.5896434783935547,-0.031956665217876434,0.6634781956672668,0.7820276021957397,-0.020755084231495857,0.6600392460823059,0.7167161703109741,-0.02973083034157753,0.6528741717338562,0.6755384206771851,-0.03222840651869774,0.6434816122055054,0.6373997926712036,-0.03372328728437424,HELLO
0,0,0,0,0,0,0,0,0,0,0,0,0,0,0,0,0,0,0,0,0,0,0,0,0,0,0,0,0,0,0,0,0,0,0,0,0,0,0,0,0,0,0,0,0,0,0,0,0,0,0,0,0,0,0,0,0,0,0,0,0,0,0,0.6258447766304016,0.9776957631111145,1.7518246409053972e-07,0.5702369213104248,0.928490936756134,-0.01245094183832407,0.5360199213027954,0.847510576248169,-0.01353190653026104,0.5174465179443359,0.7809876799583435,-0.016393359750509262,0.5061344504356384,0.7282420992851257,-0.01858172006905079,0.5896251797676086,0.7557082772254944,0.015275681391358376,0.587012767791748,0.680974543094635,0.006412588991224766,0.5832614302635193,0.6377807855606079,-0.006331442389637232,0.5802898406982422,0.5953643321990967,-0.017534542828798294,0.6223151683807373,0.7497938871383667,0.009069869294762611,0.6210600137710571,0.6657288074493408,0.002227070042863488,0.6170644760131836,0.6122981905937195,-0.010904422961175442,0.6122024655342102,0.5634517073631287,-0.022095438092947006,0.6527403593063354,0.7608343958854675,-0.0015983404591679573,0.6585789918899536,0.6809948682785034,-0.011629818007349968,0.6582832336425781,0.6283344626426697,-0.020858123898506165,0.653151273727417,0.5795735120773315,-0.02850169502198696,0.6834172010421753,0.7867269515991211,-0.014572014100849628,0.6914971470832825,0.7234799265861511,-0.025159021839499474,0.6901409029960632,0.6804337501525879,-0.029846860095858574,0.6842620372772217,0.6392602920532227,-0.03370097652077675,HELLO
0,0,0,0,0,0,0,0,0,0,0,0,0,0,0,0,0,0,0,0,0,0,0,0,0,0,0,0,0,0,0,0,0,0,0,0,0,0,0,0,0,0,0,0,0,0,0,0,0,0,0,0,0,0,0,0,0,0,0,0,0,0,0,0.6312217116355896,0.9911371469497681,1.1911631503380704e-07,0.5738437175750732,0.9527618885040283,-0.017562082037329674,0.5319984555244446,0.8839777112007141,-0.025356244295835495,0.5060224533081055,0.8237565159797668,-0.033580850809812546,0.49069565534591675,0.7701061367988586,-0.040462203323841095,0.5709515810012817,0.7735205888748169,0.004512929357588291,0.5602239370346069,0.6984958648681641,-0.009046324528753757,0.5541614890098572,0.6543018221855164,-0.025091255083680153,0.5497655868530273,0.6153070330619812,-0.03746588155627251,0.6050790548324585,0.7638950943946838,0.00039335282053798437,0.5982683300971985,0.6803349256515503,-0.009787268005311489,0.5931509733200073,0.630840003490448,-0.02402406372129917,0.5888088941574097,0.5889179706573486,-0.035032134503126144,0.6385478377342224,0.7701617479324341,-0.008139997720718384,0.6362462043762207,0.6927825808525085,-0.01838282123208046,0.633382260799408,0.6451698541641235,-0.027259135618805885,0.6288747787475586,0.6046210527420044,-0.034045733511447906,0.6718626022338867,0.7923290133476257,-0.01940632238984108,0.6732966899871826,0.7300451993942261,-0.028367260470986366,0.6687915921211243,0.6900068521499634,-0.031763993203639984,0.6623693108558655,0.654609203338623,-0.03395087644457817,HELLO
0,0,0,0,0,0,0,0,0,0,0,0,0,0,0,0,0,0,0,0,0,0,0,0,0,0,0,0,0,0,0,0,0,0,0,0,0,0,0,0,0,0,0,0,0,0,0,0,0,0,0,0,0,0,0,0,0,0,0,0,0,0,0,0.6280561089515686,0.9906805753707886,1.5066217429193784e-07,0.5735806822776794,0.9505701065063477,-0.016323566436767578,0.5342706441879272,0.883082926273346,-0.02337101474404335,0.5095430612564087,0.823198676109314,-0.030914688482880592,0.493362158536911,0.7714043259620667,-0.037257879972457886,0.572142481803894,0.7747558355331421,0.005187091883271933,0.5629012584686279,0.7017073631286621,-0.007911881431937218,0.5549030900001526,0.6585302352905273,-0.02363547310233116,0.5483437776565552,0.6192355155944824,-0.035963356494903564,0.6048026084899902,0.7665183544158936,0.000405257596867159,0.5987953543663025,0.6844480037689209,-0.009429723024368286,0.5922418236732483,0.6354297399520874,-0.023262565955519676,0.5858890414237976,0.5934558510780334,-0.03427736461162567,0.6365229487419128,0.7739531993865967,-0.008633198216557503,0.6375813484191895,0.6976626515388489,-0.018997270613908768,0.6349515318870544,0.6485791206359863,-0.027485830709338188,0.6300086379051208,0.6059767007827759,-0.034312762320041656,0.6688992381095886,0.7974952459335327,-0.02022380381822586,0.6716737747192383,0.736419677734375,-0.02985442988574505,0.6674439907073975,0.6964054107666016,-0.033310987055301666,0.660342812538147,0.6604148149490356,-0.03573071211576462,HELLO
0,0,0,0,0,0,0,0,0,0,0,0,0,0,0,0,0,0,0,0,0,0,0,0,0,0,0,0,0,0,0,0,0,0,0,0,0,0,0,0,0,0,0,0,0,0,0,0,0,0,0,0,0,0,0,0,0,0,0,0,0,0,0,0.6252860426902771,1.0057764053344727,7.020236836297045e-08,0.5660831332206726,0.9767675995826721,-0.019045477733016014,0.5224427580833435,0.9192073941230774,-0.027310552075505257,0.49439889192581177,0.8618336915969849,-0.03581041097640991,0.47305023670196533,0.8080446124076843,-0.04317512735724449,0.547219455242157,0.8159886598587036,0.0025711015332490206,0.5182563066482544,0.7479695677757263,-0.012457568198442459,0.5020650625228882,0.7056082487106323,-0.028515450656414032,0.49084895849227905,0.6659989356994629,-0.040891289710998535,0.5793463587760925,0.7979801297187805,-0.0011564799351617694,0.5561147332191467,0.7171260118484497,-0.013234108686447144,0.5421299338340759,0.6656237840652466,-0.027887379750609398,0.5311443209648132,0.6206110715866089,-0.03920765966176987,0.6141397356987,0.7978607416152954,-0.0095476433634758,0.5971793532371521,0.7224198579788208,-0.02307361178100109,0.5852733850479126,0.6718997955322266,-0.03423275053501129,0.573137104511261,0.6263731718063354,-0.042296621948480606,0.6530662178993225,0.8118773698806763,-0.020519539713859558,0.6489505767822266,0.7504420876502991,-0.03244003653526306,0.641664445400238,0.7099049091339111,-0.03809760510921478,0.6329200267791748,0.6724123954772949,-0.04203682020306587,HELLO
0,0,0,0,0,0,0,0,0,0,0,0,0,0,0,0,0,0,0,0,0,0,0,0,0,0,0,0,0,0,0,0,0,0,0,0,0,0,0,0,0,0,0,0,0,0,0,0,0,0,0,0,0,0,0,0,0,0,0,0,0,0,0,0.6157923340797424,1.0421218872070312,2.0251307830676524e-07,0.5657305121421814,0.9882654547691345,-0.01565481908619404,0.5356337428092957,0.9139525294303894,-0.024399487301707268,0.5177971124649048,0.850016176700592,-0.03368229791522026,0.5117393732070923,0.7937087416648865,-0.04273879900574684,0.5968543291091919,0.8189719915390015,-0.0050790016539394855,0.5986525416374207,0.7386102676391602,-0.021051017567515373,0.596718966960907,0.6918847560882568,-0.037369612604379654,0.5950264930725098,0.6483570337295532,-0.050358302891254425,0.6311236023902893,0.8193406462669373,-0.012226250022649765,0.6331348419189453,0.7297741174697876,-0.026807719841599464,0.6293116807937622,0.6722355484962463,-0.04354310780763626,0.6232016086578369,0.6206393241882324,-0.05656972527503967,0.6619974374771118,0.8366590142250061,-0.02260437048971653,0.6712057590484619,0.7520695328712463,-0.03909147158265114,0.6737397909164429,0.6961498260498047,-0.05000106990337372,0.6702903509140015,0.6467954516410828,-0.057750631123781204,0.6915093660354614,0.8692097067832947,-0.03475204110145569,0.7036260366439819,0.803830087184906,-0.04968426749110222,0.7036274075508118,0.7593621015548706,-0.05484837293624878,0.6982719898223877,0.7187272906303406,-0.05823817476630211,HELLO
0,0,0,0,0,0,0,0,0,0,0,0,0,0,0,0,0,0,0,0,0,0,0,0,0,0,0,0,0,0,0,0,0,0,0,0,0,0,0,0,0,0,0,0,0,0,0,0,0,0,0,0,0,0,0,0,0,0,0,0,0,0,0,0.6101738214492798,1.0376396179199219,1.3593815140211518e-07,0.5625258088111877,0.9849961996078491,-0.015330945141613483,0.535082221031189,0.9126520156860352,-0.025070803239941597,0.5189772248268127,0.8507736921310425,-0.03568016365170479,0.5138236284255981,0.795219898223877,-0.04556218907237053,0.5971170663833618,0.8169682025909424,-0.0008121262071654201,0.6012418270111084,0.738429844379425,-0.017762942239642143,0.5985860824584961,0.6913301944732666,-0.03589396923780441,0.5967543721199036,0.6485560536384583,-0.04985102266073227,0.6307389736175537,0.8198525309562683,-0.0073126996867358685,0.6358413100242615,0.7316495776176453,-0.021425476297736168,0.6331080198287964,0.6753081679344177,-0.03777627274394035,0.6285326480865479,0.6236374378204346,-0.05053069442510605,0.6615232229232788,0.8377422094345093,-0.017654964700341225,0.6740029454231262,0.7531483173370361,-0.031096747145056725,0.6753696203231812,0.6983748078346252,-0.041363783180713654,0.6718276739120483,0.6481799483299255,-0.04943673312664032,0.6909696459770203,0.8715381622314453,-0.03022085502743721,0.7050507664680481,0.8086467981338501,-0.04321272671222687,0.7049315571784973,0.7634333372116089,-0.048848602920770645,0.6994335055351257,0.7209328413009644,-0.052631791681051254,HELLO
0,0,0,0,0,0,0,0,0,0,0,0,0,0,0,0,0,0,0,0,0,0,0,0,0,0,0,0,0,0,0,0,0,0,0,0,0,0,0,0,0,0,0,0,0,0,0,0,0,0,0,0,0,0,0,0,0,0,0,0,0,0,0,0.6190796494483948,1.0628303289413452,1.1141204225850743e-07,0.5675512552261353,1.0248783826828003,-0.02272362820804119,0.5271589159965515,0.9608547687530518,-0.03658229485154152,0.4998241364955902,0.9015365839004517,-0.04973762109875679,0.48659640550613403,0.8450900316238403,-0.06164207309484482,0.5721423625946045,0.8414273262023926,-0.007632622495293617,0.5631265044212341,0.7569059729576111,-0.024653658270835876,0.556269645690918,0.7082870006561279,-0.04211215674877167,0.5523020625114441,0.6670010089874268,-0.054991189390420914,0.6076594591140747,0.8395083546638489,-0.00970708578824997,0.6018056273460388,0.7480427622795105,-0.0224897637963295,0.5957143306732178,0.6965828537940979,-0.03757278248667717,0.5910521745681763,0.6537274122238159,-0.04905814677476883,0.6423972845077515,0.8535241484642029,-0.016009652987122536,0.6401943564414978,0.7703679203987122,-0.027635497972369194,0.63599693775177,0.7178576588630676,-0.03722148388624191,0.6316937804222107,0.6727766990661621,-0.04436478763818741,0.6773128509521484,0.8830534219741821,-0.025180116295814514,0.6801787614822388,0.8153379559516907,-0.03585848957300186,0.6756700873374939,0.7703925371170044,-0.04048376530408859,0.6708901524543762,0.7293967008590698,-0.043164584785699844,HELLO
0,0,0,0,0,0,0,0,0,0,0,0,0,0,0,0,0,0,0,0,0,0,0,0,0,0,0,0,0,0,0,0,0,0,0,0,0,0,0,0,0,0,0,0,0,0,0,0,0,0,0,0,0,0,0,0,0,0,0,0,0,0,0,0.6171833276748657,1.0883307456970215,1.208978801514604e-07,0.5622354745864868,1.054278016090393,-0.02246927283704281,0.520028293132782,0.9915589094161987,-0.03715698421001434,0.4930248260498047,0.9328311085700989,-0.05090471729636192,0.473330020904541,0.8743429183959961,-0.06387509405612946,0.560835063457489,0.8790321350097656,-0.01702214404940605,0.5428699851036072,0.7924966812133789,-0.037788085639476776,0.5293036699295044,0.7442536354064941,-0.05595512315630913,0.5178131461143494,0.702349841594696,-0.06925315409898758,0.5957676768302917,0.8729522824287415,-0.021310174837708473,0.5788116455078125,0.7769773006439209,-0.040038421750068665,0.5660775899887085,0.7192431092262268,-0.05724010244011879,0.55442875623703,0.6694254875183105,-0.06955291330814362,0.6316492557525635,0.8846635818481445,-0.029239259660243988,0.6208950877189636,0.7925971150398254,-0.04820561781525612,0.610324501991272,0.7359556555747986,-0.06016414240002632,0.5976947546005249,0.6856690645217896,-0.06816869229078293,0.6707331538200378,0.9117348194122314,-0.03931998088955879,0.6713792085647583,0.8424964547157288,-0.05670233070850372,0.6648663282394409,0.7965274453163147,-0.06355094909667969,0.6546488404273987,0.7543953061103821,-0.06728091090917587,HELLO
0,0,0,0,0,0,0,0,0,0,0,0,0,0,0,0,0,0,0,0,0,0,0,0,0,0,0,0,0,0,0,0,0,0,0,0,0,0,0,0,0,0,0,0,0,0,0,0,0,0,0,0,0,0,0,0,0,0,0,0,0,0,0,0.6194478273391724,1.0852863788604736,2.1179960185691016e-07,0.5658223628997803,1.053463339805603,-0.02204376459121704,0.5219237208366394,0.9931092858314514,-0.03661154583096504,0.49426400661468506,0.9346408247947693,-0.0500187873840332,0.4732324481010437,0.8761327862739563,-0.0626743733882904,0.5581706166267395,0.8787364363670349,-0.018497873097658157,0.5425620079040527,0.7931975722312927,-0.03855399414896965,0.5294478535652161,0.7462413311004639,-0.055810071527957916,0.5180086493492126,0.7027369141578674,-0.0686415508389473,0.5941532850265503,0.8715525269508362,-0.023096663877367973,0.5780879855155945,0.7770587205886841,-0.0401783250272274,0.5661851167678833,0.7203882932662964,-0.05585924908518791,0.5550036430358887,0.6700034737586975,-0.06771351397037506,0.6302407383918762,0.8826540112495422,-0.031181033700704575,0.6206769347190857,0.7927713394165039,-0.04808245226740837,0.6121646761894226,0.7363100647926331,-0.05891953781247139,0.6014825701713562,0.6845507025718689,-0.06704480201005936,0.668488085269928,0.908704936504364,-0.04145596921443939,0.6688400506973267,0.8404093980789185,-0.05760088562965393,0.6646021604537964,0.7948694825172424,-0.06406557559967041,0.6572086811065674,0.7525248527526855,-0.06804843246936798,HELLO
0,0,0,0,0,0,0,0,0,0,0,0,0,0,0,0,0,0,0,0,0,0,0,0,0,0,0,0,0,0,0,0,0,0,0,0,0,0,0,0,0,0,0,0,0,0,0,0,0,0,0,0,0,0,0,0,0,0,0,0,0,0,0,0.6203110218048096,1.0811885595321655,2.1115788229053578e-07,0.5668730735778809,1.0495755672454834,-0.021136851981282234,0.5219326019287109,0.9904175400733948,-0.03544742986559868,0.4940488636493683,0.9337090849876404,-0.048685070127248764,0.4736554026603699,0.8762790560722351,-0.061450887471437454,0.5587077140808105,0.8794364333152771,-0.020238757133483887,0.5424984097480774,0.7946630716323853,-0.04067685082554817,0.5290059447288513,0.7474160194396973,-0.0578668937087059,0.5176926255226135,0.7039337754249573,-0.07062500715255737,0.59441077709198,0.8719223141670227,-0.025365734472870827,0.5780008435249329,0.7779437899589539,-0.04308626800775528,0.5658243894577026,0.7207988500595093,-0.05898873507976532,0.5547487735748291,0.6701101064682007,-0.07097109407186508,0.6305446624755859,0.8823002576828003,-0.033679522573947906,0.6205613017082214,0.79255211353302,-0.05142538994550705,0.6116079092025757,0.7359362244606018,-0.06274408847093582,0.6007451415061951,0.6844179630279541,-0.07107790559530258,0.6689806580543518,0.9072147607803345,-0.043949905782938004,0.6690982580184937,0.8394349813461304,-0.061154868453741074,0.6642891764640808,0.7938230633735657,-0.06806914508342743,0.656299352645874,0.7518073320388794,-0.07223493605852127,HELLO
0,0,0,0,0,0,0,0,0,0,0,0,0,0,0,0,0,0,0,0,0,0,0,0,0,0,0,0,0,0,0,0,0,0,0,0,0,0,0,0,0,0,0,0,0,0,0,0,0,0,0,0,0,0,0,0,0,0,0,0,0,0,0,0.6266733407974243,1.1191086769104004,2.0017319002363365e-07,0.5834707021713257,1.0745179653167725,-0.026480695232748985,0.5503288507461548,1.0038113594055176,-0.04302863031625748,0.5314978957176208,0.9467795491218567,-0.05730510130524635,0.5229513049125671,0.8905943632125854,-0.07151342928409576,0.6131898760795593,0.9148183465003967,-0.031447332352399826,0.6211402416229248,0.8300800323486328,-0.05379767343401909,0.6183285713195801,0.7795504331588745,-0.07184825092554092,0.612156331539154,0.7383695840835571,-0.08444257825613022,0.6473912000656128,0.9252268671989441,-0.03423239663243294,0.6544248461723328,0.8345487117767334,-0.053282514214515686,0.6489742398262024,0.7781199812889099,-0.06758340448141098,0.6403636336326599,0.7338255047798157,-0.07828403264284134,0.6774151921272278,0.9498182535171509,-0.04017723724246025,0.6875444650650024,0.8656865358352661,-0.059155188500881195,0.6861205101013184,0.8085359334945679,-0.06684943288564682,0.680391252040863,0.7629943490028381,-0.07173757255077362,0.7048332691192627,0.9849599003791809,-0.04845086857676506,0.7205005884170532,0.9190312623977661,-0.06574127078056335,0.7233765721321106,0.8717774152755737,-0.06922183185815811,0.7194989919662476,0.8338240385055542,-0.07056885212659836,HELLO
